Date,Open,High,Low,Close,Volume,Dividends,Stock Splits,Change %,HPR,HL %,Mkt Cap ($B)
2016-11-25,201.88,202.3,201.8,202.26,37872300,0.0,0,0.19,0.37,0.25,182.56
2016-11-28,201.93,202.23,201.2,201.31,76572500,0.0,0,-0.31,-0.47,0.51,181.71
2016-11-29,201.35,202.19,201.03,201.71,69886700,0.0,0,0.18,0.2,0.58,182.06
2016-11-30,202.36,202.54,201.16,201.22,113291800,0.0,0,-0.56,-0.24,0.69,181.62
2016-12-01,201.54,201.54,200.1,200.48,79040500,0.0,0,-0.53,-0.37,0.72,180.96
2016-12-02,200.57,201.1,200.2,200.58,74840300,0.0,0,0.0,0.05,0.45,181.05
2016-12-05,201.47,202.15,201.26,201.79,67837800,0.0,0,0.16,0.6,0.44,182.13
2016-12-06,201.99,202.46,201.48,202.43,59877400,0.0,0,0.22,0.32,0.49,182.71
2016-12-07,202.26,205.14,202.14,205.08,110738100,0.0,0,1.39,1.31,1.49,185.1
2016-12-08,205.05,206.08,204.76,205.58,99714400,0.0,0,0.26,0.24,0.64,185.55
2016-12-09,205.81,206.84,205.78,206.82,88005800,0.0,0,0.49,0.6,0.51,186.67
2016-12-12,206.72,207.23,206.13,206.58,102016100,0.0,0,-0.07,-0.11,0.53,186.46
2016-12-13,207.28,208.49,207.27,207.96,110477500,0.0,0,0.33,0.67,0.59,187.71
2016-12-14,207.64,208.39,205.78,206.24,142501800,0.0,0,-0.67,-0.83,1.27,186.16
2016-12-15,206.5,208.01,206.25,207.09,124972600,0.0,0,0.29,0.41,0.85,186.92
2016-12-16,207.58,207.64,206.35,206.69,156420200,1.33,0,-0.43,0.45,0.63,186.56
2016-12-19,206.88,207.59,206.72,207.14,90341100,0.0,0,0.12,0.22,0.42,186.96
2016-12-20,207.71,208.09,207.46,207.94,89838800,0.0,0,0.11,0.39,0.31,187.68
2016-12-21,207.8,207.98,207.36,207.36,67909000,0.0,0,-0.21,-0.28,0.3,187.16
2016-12-22,207.2,207.33,206.58,207.0,56219100,0.0,0,-0.1,-0.17,0.36,186.84
2016-12-23,207.05,207.31,206.84,207.3,36697800,0.0,0,0.12,0.15,0.23,187.11
2016-12-27,207.59,208.24,207.57,207.82,42672500,0.0,0,0.11,0.25,0.32,187.58
2016-12-28,208.09,208.11,205.98,206.1,64095000,0.0,0,-0.96,-0.83,1.03,186.03
2016-12-29,206.17,206.55,205.59,206.05,48696100,0.0,0,-0.06,-0.02,0.47,185.98
2016-12-30,206.4,206.5,204.57,205.3,108998300,0.0,0,-0.53,-0.37,0.94,185.3
2017-01-03,206.69,207.41,205.62,206.87,91366500,0.0,0,0.09,0.77,0.87,186.72
2017-01-04,207.22,208.26,207.21,208.1,78744400,0.0,0,0.43,0.59,0.51,187.83
2017-01-05,207.82,208.1,207.09,207.94,78379000,0.0,0,0.06,-0.08,0.49,187.68
2017-01-06,208.06,209.18,207.48,208.68,71559900,0.0,0,0.3,0.36,0.82,188.36
2017-01-09,208.41,208.55,207.96,207.99,46939700,0.0,0,-0.2,-0.33,0.29,187.73
2017-01-10,208.01,208.9,207.58,207.99,63771900,0.0,0,-0.01,0.0,0.64,187.73
2017-01-11,207.9,208.58,207.19,208.58,74650000,0.0,0,0.33,0.28,0.67,188.26
2017-01-12,208.03,208.26,206.61,208.06,72113200,0.0,0,0.01,-0.25,0.8,187.79
2017-01-13,208.24,208.86,208.2,208.53,62717900,0.0,0,0.14,0.23,0.31,188.22
2017-01-17,207.85,208.29,207.39,207.8,61240800,0.0,0,-0.03,-0.35,0.43,187.56
2017-01-18,208.07,208.3,207.48,208.26,54793300,0.0,0,0.09,0.22,0.4,187.97
2017-01-19,208.34,208.49,207.03,207.49,66608800,0.0,0,-0.41,-0.37,0.71,187.28
2017-01-20,208.21,208.77,207.54,208.25,129168600,0.0,0,0.02,0.37,0.59,187.97
2017-01-23,208.25,208.31,206.9,207.71,75061600,0.0,0,-0.26,-0.26,0.68,187.48
2017-01-24,207.94,209.48,207.82,209.04,95555300,0.0,0,0.53,0.64,0.8,188.68
2017-01-25,210.05,210.85,209.88,210.85,84437700,0.0,0,0.38,0.87,0.46,190.31
2017-01-26,210.69,210.98,210.33,210.63,59970700,0.0,0,-0.03,-0.1,0.31,190.11
2017-01-27,210.71,210.87,210.1,210.3,59711100,0.0,0,-0.2,-0.16,0.36,189.81
2017-01-30,209.56,209.59,207.95,208.99,79737300,0.0,0,-0.27,-0.62,0.79,188.64
2017-01-31,208.47,209.04,207.86,208.98,75880800,0.0,0,0.24,-0.01,0.57,188.62
2017-02-01,208.98,209.95,208.43,209.06,79117700,0.0,0,0.04,0.04,0.73,188.7
2017-02-02,209.06,209.5,208.32,209.2,69657600,0.0,0,0.07,0.07,0.56,188.82
2017-02-03,210.16,210.83,209.83,210.64,80563200,0.0,0,0.23,0.69,0.48,190.12
2017-02-06,210.21,210.63,209.9,210.26,57790100,0.0,0,0.03,-0.18,0.35,189.78
2017-02-07,210.67,210.93,210.07,210.27,57931200,0.0,0,-0.19,0.0,0.41,189.79
2017-02-08,210.27,210.68,209.69,210.55,51566200,0.0,0,0.13,0.13,0.47,190.04
2017-02-09,210.55,212.12,210.55,211.79,65955200,0.0,0,0.59,0.59,0.75,191.17
2017-02-10,212.16,212.87,211.81,212.63,66015900,0.0,0,0.22,0.39,0.5,191.92
2017-02-13,213.15,214.06,213.13,213.79,55182100,0.0,0,0.3,0.54,0.44,192.96
2017-02-14,213.59,214.65,213.23,214.64,71109000,0.0,0,0.49,0.4,0.67,193.74
2017-02-15,214.41,215.96,214.36,215.76,86785800,0.0,0,0.63,0.52,0.75,194.75
2017-02-16,215.79,215.98,214.78,215.58,84722400,0.0,0,-0.1,-0.09,0.56,194.58
2017-02-17,214.87,215.92,214.85,215.92,77204100,0.0,0,0.49,0.16,0.5,194.89
2017-02-21,216.31,217.39,216.3,217.2,88946100,0.0,0,0.41,0.6,0.5,196.05
2017-02-22,216.77,217.25,216.6,217.01,62115200,0.0,0,0.11,-0.09,0.3,195.87
2017-02-23,217.56,217.58,216.35,217.16,74615900,0.0,0,-0.19,0.07,0.57,196.01
2017-02-24,216.26,217.48,216.21,217.43,82381600,0.0,0,0.54,0.13,0.59,196.26
2017-02-27,217.34,217.96,217.08,217.77,56515400,0.0,0,0.2,0.16,0.41,196.56
2017-02-28,217.37,217.63,216.77,217.19,96961900,0.0,0,-0.08,-0.27,0.39,196.03
2017-03-01,218.95,220.72,218.93,220.23,149158200,0.0,0,0.58,1.4,0.82,198.78
2017-03-02,220.02,220.03,218.78,218.84,70246000,0.0,0,-0.54,-0.63,0.57,197.52
2017-03-03,218.75,219.15,218.34,218.98,81974300,0.0,0,0.1,0.06,0.37,197.65
2017-03-06,218.13,218.7,217.68,218.32,55391500,0.0,0,0.09,-0.3,0.47,197.06
2017-03-07,218.0,218.38,217.45,217.67,65103700,0.0,0,-0.15,-0.3,0.43,196.47
2017-03-08,217.99,218.26,217.12,217.27,78168800,0.0,0,-0.33,-0.19,0.52,196.11
2017-03-09,217.4,217.89,216.52,217.54,90683900,0.0,0,0.07,0.13,0.64,196.36
2017-03-10,218.56,218.61,217.3,218.31,81991700,0.0,0,-0.12,0.35,0.6,197.04
2017-03-13,218.24,218.46,217.89,218.42,57256800,0.0,0,0.08,0.05,0.26,197.14
2017-03-14,217.84,217.89,216.93,217.58,59880800,0.0,0,-0.12,-0.38,0.44,196.39
2017-03-15,218.19,219.91,217.94,219.46,96081800,0.0,0,0.59,0.87,0.91,198.09
2017-03-16,219.61,219.69,218.68,219.03,78344000,0.0,0,-0.26,-0.2,0.46,197.7
2017-03-17,219.31,219.51,218.65,218.65,89002100,1.03,0,-0.3,0.3,0.4,197.35
2017-03-20,218.65,218.95,217.99,218.41,52537000,0.0,0,-0.11,-0.11,0.44,197.13
2017-03-21,219.05,219.18,215.46,215.6,131809300,0.0,0,-1.57,-1.28,1.73,194.6
2017-03-22,215.64,216.42,214.98,216.11,97569200,0.0,0,0.22,0.24,0.67,195.06
2017-03-23,216.11,217.09,215.48,215.88,100410300,0.0,0,-0.11,-0.11,0.74,194.85
2017-03-24,216.2,216.81,214.89,215.72,112504900,0.0,0,-0.22,-0.07,0.89,194.71
2017-03-27,213.94,215.78,213.65,215.5,87454500,0.0,0,0.73,-0.1,1.0,194.51
2017-03-28,215.18,217.52,215.06,217.07,93483900,0.0,0,0.88,0.73,1.15,195.93
2017-03-29,216.77,217.52,216.53,217.27,61950400,0.0,0,0.23,0.09,0.46,196.11
2017-03-30,217.21,218.18,217.02,217.96,56737900,0.0,0,0.35,0.32,0.53,196.74
2017-03-31,217.61,218.17,217.4,217.46,73733100,0.0,0,-0.07,-0.23,0.35,196.28
2017-04-03,217.51,217.72,215.77,217.08,85546500,0.0,0,-0.2,-0.17,0.91,195.94
2017-04-04,216.77,217.31,216.37,217.22,56466200,0.0,0,0.2,0.06,0.43,196.06
2017-04-05,217.94,218.98,216.35,216.57,108800600,0.0,0,-0.63,-0.3,1.22,195.48
2017-04-06,216.72,217.73,216.25,217.18,69135800,0.0,0,0.21,0.28,0.69,196.03
2017-04-07,216.91,217.7,216.44,216.96,74412300,0.0,0,0.02,-0.1,0.58,195.83
2017-04-10,217.11,217.94,216.53,217.09,67615300,0.0,0,-0.01,0.06,0.65,195.94
2017-04-11,216.68,216.94,215.24,216.83,88045300,0.0,0,0.07,-0.12,0.79,195.71
2017-04-12,216.53,216.74,215.64,215.88,81864400,0.0,0,-0.3,-0.44,0.51,194.85
2017-04-13,215.52,216.3,214.48,214.48,92880400,0.0,0,-0.48,-0.65,0.85,193.59
2017-04-17,215.03,216.38,214.82,216.38,68405400,0.0,0,0.63,0.89,0.73,195.3
2017-04-18,215.59,216.3,215.0,215.73,83225800,0.0,0,0.06,-0.3,0.6,194.72
2017-04-19,216.33,216.73,215.1,215.34,68699900,0.0,0,-0.46,-0.18,0.76,194.36
2017-04-20,215.99,217.56,215.65,217.09,92572200,0.0,0,0.51,0.81,0.89,195.94
2017-04-21,217.01,217.06,215.97,216.4,110389800,0.0,0,-0.28,-0.32,0.5,195.32
2017-04-24,218.79,219.0,216.37,218.78,119209900,0.0,0,-0.0,1.1,1.22,197.47
2017-04-25,219.46,220.42,219.37,220.05,76698300,0.0,0,0.27,0.58,0.48,198.62
2017-04-26,220.01,220.95,219.87,219.91,84702500,0.0,0,-0.05,-0.06,0.5,198.49
2017-04-27,220.25,220.42,219.52,220.1,57410300,0.0,0,-0.07,0.08,0.41,198.66
2017-04-28,220.37,220.4,219.48,219.62,63532800,0.0,0,-0.34,-0.22,0.42,198.23
2017-05-01,220.17,220.62,219.73,220.17,66882500,0.0,0,0.0,0.25,0.41,198.72
2017-05-02,220.32,220.45,219.82,220.25,57375700,0.0,0,-0.03,0.04,0.29,198.8
2017-05-03,220.25,220.35,219.27,219.98,73137700,0.0,0,-0.12,-0.12,0.5,198.56
2017-05-04,220.31,220.39,219.34,220.24,61462700,0.0,0,-0.03,0.12,0.48,198.79
2017-05-05,220.64,221.13,220.17,221.11,62001300,0.0,0,0.21,0.39,0.44,199.57
2017-05-08,221.16,221.31,220.62,221.07,48385700,0.0,0,-0.04,-0.02,0.31,199.54
2017-05-09,221.35,221.56,220.5,220.87,51363200,0.0,0,-0.22,-0.09,0.48,199.36
2017-05-10,220.82,221.27,220.6,221.27,54293800,0.0,0,0.2,0.18,0.3,199.72
2017-05-11,220.79,220.99,219.66,220.82,62358300,0.0,0,0.01,-0.2,0.6,199.31
2017-05-12,220.55,220.86,220.16,220.45,53912700,0.0,0,-0.05,-0.17,0.32,198.97
2017-05-15,220.9,221.79,220.88,221.66,61918900,0.0,0,0.35,0.55,0.41,200.07
2017-05-16,221.98,222.01,221.05,221.46,51241800,0.0,0,-0.23,-0.09,0.43,199.89
2017-05-17,221.46,221.46,217.47,217.53,172174100,0.0,0,-1.77,-1.77,1.84,196.34
2017-05-18,217.45,219.31,217.17,218.41,107047700,0.0,0,0.44,0.4,0.99,197.13
2017-05-19,218.92,220.54,218.87,219.83,115011400,0.0,0,0.41,0.65,0.76,198.42
2017-05-22,220.37,221.12,220.3,220.94,61010600,0.0,0,0.26,0.51,0.37,199.42
2017-05-23,221.34,221.61,220.94,221.43,48341700,0.0,0,0.04,0.22,0.3,199.87
2017-05-24,221.68,222.06,221.32,221.95,46927700,0.0,0,0.12,0.23,0.33,200.33
2017-05-25,222.49,223.31,222.27,223.01,64071700,0.0,0,0.23,0.48,0.46,201.29
2017-05-26,222.81,223.14,222.72,222.96,46629900,0.0,0,0.07,-0.02,0.19,201.25
2017-05-30,222.62,223.04,222.46,222.77,35201900,0.0,0,0.07,-0.09,0.26,201.07
2017-05-31,223.08,223.12,221.98,222.72,91796000,0.0,0,-0.17,-0.02,0.52,201.02
2017-06-01,223.2,224.5,222.9,224.49,68962000,0.0,0,0.57,0.8,0.72,202.62
2017-06-02,224.54,225.4,224.23,225.23,88666100,0.0,0,0.31,0.33,0.52,203.3
2017-06-05,225.05,225.35,224.86,225.07,44698800,0.0,0,0.01,-0.07,0.22,203.15
2017-06-06,224.47,225.06,224.27,224.35,50375400,0.0,0,-0.05,-0.32,0.35,202.5
2017-06-07,224.71,225.0,224.0,224.76,54144300,0.0,0,0.02,0.19,0.45,202.87
2017-06-08,224.86,225.38,224.31,224.87,65950700,0.0,0,0.0,0.05,0.48,202.97
2017-06-09,225.16,226.01,223.19,224.53,132256400,0.0,0,-0.28,-0.15,1.26,202.66
2017-06-12,224.27,224.54,223.58,224.49,86108100,0.0,0,0.09,-0.02,0.43,202.62
2017-06-13,225.06,225.64,224.69,225.58,60067000,0.0,0,0.23,0.49,0.42,203.61
2017-06-14,225.87,225.88,224.42,225.3,78602300,0.0,0,-0.25,-0.13,0.65,203.35
2017-06-15,223.86,224.99,223.56,224.86,66464900,0.0,0,0.45,-0.19,0.64,202.96
2017-06-16,225.03,225.09,223.98,224.91,84553100,1.18,0,-0.05,0.55,0.5,203.01
2017-06-19,225.79,226.85,225.69,226.79,65123800,0.0,0,0.44,0.83,0.51,204.7
2017-06-20,226.41,226.42,225.24,225.26,56906400,0.0,0,-0.51,-0.67,0.52,203.32
2017-06-21,225.67,225.79,224.7,225.2,55977600,0.0,0,-0.21,-0.02,0.49,203.27
2017-06-22,225.21,225.74,224.91,225.1,44148100,0.0,0,-0.05,-0.05,0.37,203.17
2017-06-23,225.16,225.72,224.76,225.37,66986800,0.0,0,0.09,0.12,0.43,203.42
2017-06-26,226.08,226.53,225.29,225.52,56700500,0.0,0,-0.25,0.07,0.55,203.55
2017-06-27,225.28,225.6,223.68,223.7,82247700,0.0,0,-0.7,-0.81,0.86,201.91
2017-06-28,224.78,225.91,224.53,225.7,70042600,0.0,0,0.41,0.9,0.62,203.72
2017-06-29,225.86,225.91,222.43,223.72,106949700,0.0,0,-0.95,-0.88,1.57,201.93
2017-06-30,224.58,224.98,223.93,224.14,86820700,0.0,0,-0.2,0.19,0.47,202.3
2017-07-03,225.14,225.6,224.52,224.52,39153800,0.0,0,-0.28,0.17,0.48,202.65
2017-07-05,224.9,225.26,224.04,225.03,54427600,0.0,0,0.06,0.23,0.54,203.12
2017-07-06,224.22,224.35,222.78,222.98,65400800,0.0,0,-0.55,-0.91,0.7,201.26
2017-07-07,223.59,224.58,222.99,224.42,57972300,0.0,0,0.37,0.65,0.71,202.56
2017-07-10,224.42,225.06,224.1,224.66,36663300,0.0,0,0.11,0.11,0.43,202.78
2017-07-11,224.66,224.83,223.25,224.5,50354600,0.0,0,-0.07,-0.07,0.71,202.63
2017-07-12,225.53,226.36,225.53,226.18,59610400,0.0,0,0.29,0.75,0.37,204.15
2017-07-13,226.19,226.68,225.95,226.56,39471600,0.0,0,0.16,0.17,0.32,204.5
2017-07-14,226.56,228.0,226.46,227.62,60262700,0.0,0,0.47,0.47,0.68,205.45
2017-07-17,227.54,227.94,227.41,227.59,33531900,0.0,0,0.02,-0.01,0.24,205.43
2017-07-18,227.16,227.77,226.8,227.71,42742500,0.0,0,0.24,0.05,0.43,205.53
2017-07-19,228.05,228.96,228.04,228.95,51034300,0.0,0,0.39,0.54,0.4,206.65
2017-07-20,229.21,229.34,228.46,229.05,47135200,0.0,0,-0.07,0.04,0.39,206.74
2017-07-21,228.44,228.87,228.2,228.84,82340800,0.0,0,0.18,-0.09,0.3,206.55
2017-07-24,228.76,228.94,228.29,228.79,46622300,0.0,0,0.01,-0.02,0.28,206.5
2017-07-25,229.59,229.7,229.1,229.34,54915600,0.0,0,-0.1,0.24,0.26,207.01
2017-07-26,229.65,229.69,229.08,229.35,47575400,0.0,0,-0.13,0.0,0.27,207.01
2017-07-27,229.85,229.88,227.73,229.14,70766600,0.0,0,-0.31,-0.09,0.94,206.82
2017-07-28,228.63,229.01,228.15,228.87,50088400,0.0,0,0.11,-0.12,0.38,206.58
2017-07-31,229.3,229.4,228.52,228.74,65838700,0.0,0,-0.24,-0.06,0.39,206.46
2017-08-01,229.38,229.42,228.7,229.25,55050400,0.0,0,-0.06,0.22,0.32,206.92
2017-08-02,229.39,229.51,228.37,229.36,47211200,0.0,0,-0.01,0.05,0.5,207.02
2017-08-03,229.24,229.27,228.62,228.92,40856000,0.0,0,-0.14,-0.19,0.28,206.62
2017-08-04,229.44,229.69,228.93,229.34,60191800,0.0,0,-0.04,0.18,0.33,207.0
2017-08-07,229.41,229.76,229.3,229.76,31995000,0.0,0,0.15,0.19,0.2,207.38
2017-08-08,229.43,230.73,228.8,229.2,61719400,0.0,0,-0.1,-0.25,0.84,206.87
2017-08-09,228.46,229.24,228.08,229.19,62632600,0.0,0,0.32,-0.0,0.51,206.86
2017-08-10,228.3,228.44,225.9,225.95,120479500,0.0,0,-1.03,-1.41,1.12,203.94
2017-08-11,226.19,226.92,225.94,226.29,74869900,0.0,0,0.04,0.15,0.43,204.25
2017-08-14,227.65,228.76,227.61,228.53,73291900,0.0,0,0.39,0.99,0.5,206.27
2017-08-15,228.94,228.96,228.18,228.5,55242700,0.0,0,-0.19,-0.01,0.34,206.25
2017-08-16,229.06,229.48,228.45,228.9,56715500,0.0,0,-0.07,0.17,0.45,206.6
2017-08-17,228.25,228.58,225.33,225.33,128490400,0.0,0,-1.28,-1.56,1.44,203.38
2017-08-18,225.15,226.35,224.51,224.98,136748000,0.0,0,-0.08,-0.16,0.82,203.07
2017-08-21,224.91,225.43,224.16,225.15,65469700,0.0,0,0.11,0.08,0.57,203.22
2017-08-22,225.78,227.68,225.76,227.51,63140100,0.0,0,0.77,1.05,0.85,205.35
2017-08-23,226.48,227.15,226.32,226.69,50203800,0.0,0,0.09,-0.36,0.36,204.61
2017-08-24,227.1,227.27,225.94,226.17,50741700,0.0,0,-0.41,-0.23,0.59,204.14
2017-08-25,227.01,227.67,226.54,226.69,64445900,0.0,0,-0.14,0.23,0.5,204.61
2017-08-28,227.26,227.29,226.26,226.7,40565600,0.0,0,-0.24,0.0,0.45,204.62
2017-08-29,225.3,227.24,225.18,226.96,51135700,0.0,0,0.74,0.11,0.91,204.86
2017-08-30,226.94,228.32,226.75,228.04,62030800,0.0,0,0.48,0.47,0.69,205.83
2017-08-31,228.7,229.67,228.07,229.41,103803900,0.0,0,0.31,0.6,0.7,207.07
2017-09-01,229.81,230.19,229.58,229.73,62007000,0.0,0,-0.03,0.14,0.27,207.36
2017-09-05,229.2,229.44,227.06,228.08,91398800,0.0,0,-0.49,-0.72,1.05,205.87
2017-09-06,228.81,229.21,228.24,228.86,57916900,0.0,0,0.02,0.34,0.43,206.57
2017-09-07,229.19,229.21,228.4,228.83,58034700,0.0,0,-0.15,-0.01,0.35,206.55
2017-09-08,228.53,229.06,228.31,228.57,63832800,0.0,0,0.02,-0.12,0.33,206.3
2017-09-11,229.92,231.09,229.9,231.0,71364800,0.0,0,0.47,1.07,0.52,208.5
2017-09-12,231.39,231.82,231.2,231.78,56896000,0.0,0,0.17,0.34,0.27,209.21
2017-09-13,231.48,231.93,231.36,231.89,59228000,0.0,0,0.18,0.05,0.25,209.31
2017-09-14,231.55,232.03,231.37,231.82,95446300,0.0,0,0.12,-0.03,0.29,209.24
2017-09-15,231.67,232.22,231.55,232.13,95432400,1.24,0,0.2,0.67,0.29,209.52
2017-09-18,232.52,233.0,232.22,232.63,46235200,0.0,0,0.04,0.21,0.34,209.97
2017-09-19,232.89,232.95,232.51,232.86,47108100,0.0,0,-0.01,0.1,0.19,210.18
2017-09-20,232.95,233.06,231.88,232.94,59574100,0.0,0,-0.0,0.04,0.51,210.25
2017-09-21,232.77,232.87,232.13,232.32,48211400,0.0,0,-0.2,-0.27,0.32,209.69
2017-09-22,232.0,232.54,231.97,232.36,51214000,0.0,0,0.16,0.02,0.24,209.73
2017-09-25,232.09,232.47,231.1,231.89,57064400,0.0,0,-0.09,-0.2,0.59,209.3
2017-09-26,232.35,232.61,231.78,232.03,54082000,0.0,0,-0.14,0.06,0.36,209.43
2017-09-27,232.77,233.34,231.83,232.93,81001400,0.0,0,0.07,0.39,0.65,210.25
2017-09-28,232.63,233.3,232.54,233.21,44778800,0.0,0,0.25,0.12,0.32,210.5
2017-09-29,233.2,234.12,233.01,234.03,85578000,0.0,0,0.36,0.35,0.48,211.24
2017-10-02,234.27,235.05,234.09,235.05,59023000,0.0,0,0.33,0.43,0.41,212.15
2017-10-03,235.05,235.58,234.96,235.55,66810200,0.0,0,0.21,0.21,0.26,212.61
2017-10-04,235.39,236.09,235.27,235.83,55953600,0.0,0,0.19,0.12,0.35,212.86
2017-10-05,236.18,237.25,235.87,237.23,63522800,0.0,0,0.44,0.59,0.58,214.12
2017-10-06,236.75,237.26,236.47,236.96,80646000,0.0,0,0.09,-0.11,0.33,213.88
2017-10-09,237.2,237.26,236.29,236.57,35803100,0.0,0,-0.27,-0.17,0.41,213.52
2017-10-10,237.17,237.59,236.59,237.19,43057400,0.0,0,0.01,0.26,0.42,214.09
2017-10-11,237.09,237.56,236.91,237.56,47674300,0.0,0,0.2,0.16,0.28,214.42
2017-10-12,237.23,237.6,236.96,237.21,47065100,0.0,0,-0.01,-0.15,0.27,214.1
2017-10-13,237.67,237.8,237.21,237.5,54800400,0.0,0,-0.07,0.12,0.25,214.37
2017-10-16,237.74,238.02,237.38,237.81,38221700,0.0,0,0.03,0.13,0.27,214.65
2017-10-17,237.76,238.03,237.53,237.98,31561000,0.0,0,0.09,0.07,0.21,214.8
2017-10-18,238.38,238.43,238.01,238.21,40888300,0.0,0,-0.07,0.1,0.18,215.01
2017-10-19,237.39,238.32,236.94,238.28,61903800,0.0,0,0.38,0.03,0.58,215.07
2017-10-20,239.13,239.54,238.26,239.51,89176400,0.0,0,0.16,0.52,0.54,216.18
2017-10-23,239.85,239.88,238.49,238.58,63915300,0.0,0,-0.53,-0.39,0.58,215.34
2017-10-24,239.03,239.25,238.62,239.0,66935900,0.0,0,-0.02,0.18,0.27,215.72
2017-10-25,238.64,238.76,236.61,237.81,103715300,0.0,0,-0.35,-0.5,0.91,214.65
2017-10-26,238.47,238.75,237.99,238.12,69798000,0.0,0,-0.14,0.13,0.32,214.93
2017-10-27,238.91,240.24,238.13,240.07,85562500,0.0,0,0.48,0.82,0.88,216.69
2017-10-30,238.91,239.97,238.86,239.17,54285700,0.0,0,0.11,-0.37,0.46,215.88
2017-10-31,239.57,239.82,239.23,239.55,60304800,0.0,0,-0.01,0.16,0.25,216.21
2017-11-01,240.38,240.74,239.47,239.86,54202700,0.0,0,-0.21,0.13,0.53,216.5
2017-11-02,239.79,240.11,238.65,239.96,56449500,0.0,0,0.07,0.04,0.61,216.58
2017-11-03,240.12,240.8,239.69,240.76,59589700,0.0,0,0.26,0.33,0.47,217.31
2017-11-06,240.62,241.27,240.54,241.13,49652600,0.0,0,0.21,0.15,0.3,217.64
2017-11-07,241.24,241.6,240.42,240.96,57502200,0.0,0,-0.12,-0.07,0.49,217.49
2017-11-08,240.78,241.48,240.48,241.37,50469600,0.0,0,0.25,0.17,0.41,217.86
2017-11-09,240.09,240.7,238.81,240.5,95085500,0.0,0,0.17,-0.36,0.79,217.07
2017-11-10,240.09,240.61,239.75,240.42,59984700,0.0,0,0.14,-0.03,0.36,217.01
2017-11-13,239.7,240.89,239.66,240.65,50228600,0.0,0,0.4,0.09,0.51,217.21
2017-11-14,239.79,240.2,238.96,240.09,61315200,0.0,0,0.12,-0.23,0.52,216.7
2017-11-15,239.05,239.61,238.13,238.89,80811500,0.0,0,-0.07,-0.5,0.62,215.62
2017-11-16,239.89,241.31,239.84,240.92,67777000,0.0,0,0.43,0.85,0.61,217.45
2017-11-17,240.54,240.89,240.12,240.21,75756800,0.0,0,-0.14,-0.29,0.32,216.81
2017-11-20,240.47,240.82,240.21,240.62,48075500,0.0,0,0.06,0.17,0.26,217.18
2017-11-21,241.44,242.39,240.58,242.19,69176800,0.0,0,0.31,0.65,0.75,218.6
2017-11-22,242.2,242.34,241.8,241.98,45033400,0.0,0,-0.09,-0.09,0.22,218.41
2017-11-24,242.5,242.65,242.35,242.54,27856500,0.0,0,0.02,0.23,0.12,218.91
2017-11-27,242.58,242.9,242.2,242.42,52274900,0.0,0,-0.07,-0.05,0.29,218.8
2017-11-28,242.91,244.9,242.81,244.88,98971700,0.0,0,0.81,1.01,0.86,221.02
2017-11-29,245.01,245.58,244.25,244.73,77512100,0.0,0,-0.12,-0.06,0.55,220.89
2017-11-30,245.7,247.84,245.62,246.87,127894400,0.0,0,0.47,0.88,0.9,222.82
2017-12-01,246.64,247.15,242.91,246.36,164390900,0.0,0,-0.11,-0.21,1.74,222.36
2017-12-04,248.08,248.54,246.0,246.06,94040600,0.0,0,-0.81,-0.12,1.03,222.09
2017-12-05,245.17,247.0,245.03,245.17,77994500,0.0,0,-0.0,-0.36,0.8,221.29
2017-12-06,245.28,245.68,244.73,245.22,75898600,0.0,0,-0.02,0.02,0.39,221.34
2017-12-07,245.99,246.33,244.94,245.99,77218600,0.0,0,-0.0,0.32,0.57,222.03
2017-12-08,247.01,247.34,245.96,247.33,76563900,0.0,0,0.13,0.55,0.56,223.24
2017-12-11,248.08,248.14,247.31,248.08,83077500,0.0,0,0.0,0.3,0.34,223.92
2017-12-12,248.92,249.02,248.12,248.52,85195800,0.0,0,-0.16,0.18,0.36,224.31
2017-12-13,248.78,249.24,248.4,248.49,102905400,0.0,0,-0.12,-0.01,0.34,224.29
2017-12-14,248.81,248.93,247.42,247.47,100666700,0.0,0,-0.54,-0.41,0.61,223.37
2017-12-15,248.54,250.03,248.49,249.53,144610300,1.35,0,0.4,1.38,0.62,225.23
2017-12-18,251.02,251.49,250.91,251.12,83653600,0.0,0,0.04,0.63,0.23,226.66
2017-12-19,251.38,251.43,250.08,250.15,82382900,0.0,0,-0.49,-0.38,0.54,225.79
2017-12-20,251.18,251.24,249.7,250.02,76751500,0.0,0,-0.46,-0.05,0.61,225.67
2017-12-21,250.69,251.3,250.27,250.54,67032300,0.0,0,-0.06,0.21,0.41,226.13
2017-12-22,250.56,250.59,249.9,250.47,78720900,0.0,0,-0.03,-0.03,0.28,226.08
2017-12-26,250.04,250.41,249.89,250.17,45244400,0.0,0,0.05,-0.12,0.21,225.8
2017-12-27,250.35,250.68,250.0,250.29,57751000,0.0,0,-0.02,0.05,0.27,225.91
2017-12-28,250.83,250.86,250.42,250.81,45116100,0.0,0,-0.01,0.21,0.18,226.38
2017-12-29,251.43,251.45,249.66,249.86,96007400,0.0,0,-0.62,-0.38,0.72,225.53
2018-01-02,250.78,251.69,250.37,251.65,86655700,0.0,0,0.35,0.72,0.53,227.14
2018-01-03,251.83,253.4,251.83,253.24,90070400,0.0,0,0.56,0.63,0.62,228.58
2018-01-04,253.93,254.83,253.31,254.31,80636400,0.0,0,0.15,0.42,0.6,229.54
2018-01-05,255.15,256.14,254.63,256.0,83524000,0.0,0,0.33,0.67,0.59,231.07
2018-01-08,255.9,256.64,255.59,256.47,57319200,0.0,0,0.22,0.18,0.41,231.49
2018-01-09,256.92,257.72,256.62,257.05,57254000,0.0,0,0.05,0.23,0.43,232.02
2018-01-10,256.25,256.94,255.54,256.66,69574300,0.0,0,0.16,-0.15,0.55,231.66
2018-01-11,257.25,258.53,257.07,258.53,62361500,0.0,0,0.5,0.73,0.57,233.35
2018-01-12,258.81,260.4,258.5,260.22,90816100,0.0,0,0.54,0.65,0.74,234.87
2018-01-16,261.56,262.25,258.59,259.33,106555100,0.0,0,-0.85,-0.34,1.42,234.07
2018-01-17,260.32,262.21,259.33,261.8,113258800,0.0,0,0.57,0.95,1.11,236.3
2018-01-18,261.68,262.13,260.84,261.36,100728000,0.0,0,-0.12,-0.17,0.5,235.9
2018-01-19,261.98,262.55,261.36,262.55,140920100,0.0,0,0.22,0.45,0.45,236.98
2018-01-22,262.32,264.68,262.27,264.68,91322400,0.0,0,0.9,0.81,0.92,238.9
2018-01-23,264.73,265.56,264.38,265.25,97084700,0.0,0,0.19,0.21,0.44,239.41
2018-01-24,265.93,266.57,263.89,265.14,134816100,0.0,0,-0.3,-0.04,1.01,239.32
2018-01-25,266.06,266.16,264.41,265.26,84587300,0.0,0,-0.3,0.04,0.66,239.42
2018-01-26,266.15,268.37,265.87,268.33,107743100,0.0,0,0.82,1.16,0.94,242.19
2018-01-29,267.72,268.19,266.38,266.55,90118300,0.0,0,-0.44,-0.66,0.68,240.59
2018-01-30,264.6,266.6,263.31,263.81,131796400,0.0,0,-0.3,-1.03,1.25,238.12
2018-01-31,264.72,265.26,262.8,263.94,108364800,0.0,0,-0.29,0.05,0.93,238.24
2018-02-01,263.17,265.03,262.8,263.65,90102500,0.0,0,0.18,-0.11,0.85,237.97
2018-02-02,262.24,262.38,257.87,257.91,173174800,0.0,0,-1.65,-2.18,1.75,232.79
2018-02-05,256.03,258.28,246.54,247.12,294681800,0.0,0,-3.48,-4.18,4.76,223.05
2018-02-06,243.38,252.52,242.22,251.99,355026800,0.0,0,3.54,1.97,4.25,227.44
2018-02-07,251.4,255.01,250.54,250.62,167376100,0.0,0,-0.31,-0.54,1.79,226.21
2018-02-08,250.94,251.09,241.18,241.22,246449500,0.0,0,-3.87,-3.75,4.11,217.73
2018-02-09,244.19,246.82,236.81,244.84,283565300,0.0,0,0.27,1.5,4.23,221.0
2018-02-12,247.03,250.0,244.99,248.44,143736000,0.0,0,0.57,1.47,2.04,224.24
2018-02-13,247.16,249.64,246.54,249.06,81223600,0.0,0,0.77,0.25,1.26,224.8
2018-02-14,247.48,252.8,247.47,252.42,120735700,0.0,0,2.0,1.35,2.16,227.83
2018-02-15,254.27,255.65,251.65,255.64,111200300,0.0,0,0.54,1.28,1.59,230.74
2018-02-16,254.97,257.78,254.93,255.71,160420100,0.0,0,0.29,0.03,1.12,230.81
2018-02-20,254.7,256.24,253.27,254.11,86369700,0.0,0,-0.23,-0.63,1.17,229.36
2018-02-21,254.58,257.22,252.75,252.85,98883700,0.0,0,-0.68,-0.5,1.77,228.22
2018-02-22,253.83,255.66,252.47,253.18,110511300,0.0,0,-0.26,0.13,1.26,228.52
2018-02-23,254.48,257.21,253.97,257.21,92766400,0.0,0,1.07,1.59,1.28,232.16
2018-02-26,258.36,260.3,257.73,260.2,86491400,0.0,0,0.71,1.16,1.0,234.86
2018-02-27,260.4,261.15,256.88,256.95,99099200,0.0,0,-1.32,-1.25,1.66,231.92
2018-02-28,258.12,258.6,254.01,254.35,121907800,0.0,0,-1.46,-1.01,1.81,229.57
2018-03-01,254.12,255.77,249.06,250.65,176855100,0.0,0,-1.37,-1.45,2.7,226.24
2018-03-02,248.87,252.54,247.95,251.94,139083200,0.0,0,1.23,0.52,1.85,227.4
2018-03-05,250.68,255.51,250.56,254.85,97307400,0.0,0,1.67,1.16,1.97,230.03
2018-03-06,255.89,255.98,253.91,255.5,79213200,0.0,0,-0.15,0.25,0.81,230.61
2018-03-07,253.2,255.78,252.99,255.41,87063500,0.0,0,0.87,-0.04,1.1,230.53
2018-03-08,256.13,256.77,255.07,256.64,66901200,0.0,0,0.2,0.48,0.67,231.64
2018-03-09,258.14,261.11,257.8,261.11,113625300,0.0,0,1.15,1.74,1.28,235.68
2018-03-12,261.42,262.08,260.37,260.78,71924800,0.0,0,-0.24,-0.13,0.66,235.38
2018-03-13,262.02,262.55,258.45,259.09,91968900,0.0,0,-1.11,-0.65,1.59,233.86
2018-03-14,260.12,260.31,257.18,257.77,105895100,0.0,0,-0.9,-0.51,1.22,232.66
2018-03-15,258.31,258.99,256.95,257.48,83433000,0.0,0,-0.32,-0.11,0.79,232.41
2018-03-16,258.05,258.88,257.71,257.76,100343700,1.1,0,-0.11,0.53,0.46,232.66
2018-03-19,256.96,257.95,252.52,254.28,109208400,0.0,0,-1.05,-1.35,2.15,229.51
2018-03-20,254.7,255.39,253.98,254.71,59757300,0.0,0,0.0,0.17,0.55,229.9
2018-03-21,254.66,256.89,253.99,254.22,78709600,0.0,0,-0.17,-0.19,1.14,229.46
2018-03-22,251.85,252.75,247.57,247.86,148785900,0.0,0,-1.58,-2.5,2.09,223.72
2018-03-23,248.33,248.68,242.37,242.58,183534800,0.0,0,-2.32,-2.13,2.6,218.95
2018-03-26,246.42,249.52,243.86,249.22,141956100,0.0,0,1.14,2.74,2.32,224.94
2018-03-27,250.21,250.78,243.32,244.98,129941400,0.0,0,-2.09,-1.7,3.06,221.12
2018-03-28,245.12,246.9,243.08,244.25,146452300,0.0,0,-0.35,-0.3,1.57,220.46
2018-03-29,245.47,249.36,244.26,247.38,111601600,0.0,0,0.78,1.28,2.09,223.28
2018-04-02,246.81,247.36,239.4,242.04,186286300,0.0,0,-1.93,-2.16,3.32,218.46
2018-04-03,243.35,245.65,241.44,245.14,119956900,0.0,0,0.73,1.28,1.74,221.26
2018-04-04,241.36,248.51,241.22,247.76,123715300,0.0,0,2.65,1.07,3.02,223.63
2018-04-05,249.63,250.66,248.48,249.72,82652600,0.0,0,0.03,0.79,0.88,225.39
2018-04-06,247.63,249.22,242.53,244.15,179521200,0.0,0,-1.4,-2.23,2.76,220.37
2018-04-09,245.7,248.96,244.36,245.35,105442900,0.0,0,-0.14,0.49,1.89,221.46
2018-04-10,248.43,250.09,247.22,249.26,103529000,0.0,0,0.33,1.59,1.16,224.98
2018-04-11,247.68,249.72,247.6,247.95,91140200,0.0,0,0.11,-0.52,0.85,223.8
2018-04-12,249.36,251.0,249.17,249.99,68890500,0.0,0,0.25,0.82,0.73,225.64
2018-04-13,251.38,251.5,248.18,249.26,85079200,0.0,0,-0.85,-0.29,1.34,224.98
2018-04-16,251.0,252.12,250.12,251.31,63405300,0.0,0,0.12,0.82,0.8,226.83
2018-04-17,253.19,254.63,252.64,253.99,64682000,0.0,0,0.32,1.07,0.79,229.25
2018-04-18,254.46,255.04,253.69,254.18,57303900,0.0,0,-0.11,0.07,0.53,229.42
2018-04-19,253.49,253.7,251.67,252.77,77655900,0.0,0,-0.28,-0.55,0.81,228.15
2018-04-20,252.7,252.93,249.69,250.63,99953100,0.0,0,-0.82,-0.85,1.3,226.22
2018-04-23,251.24,251.83,249.44,250.59,65558000,0.0,0,-0.26,-0.02,0.96,226.18
2018-04-24,251.68,251.92,245.62,247.22,112885500,0.0,0,-1.77,-1.35,2.56,223.14
2018-04-25,247.15,248.3,245.21,247.83,103840900,0.0,0,0.27,0.25,1.26,223.69
2018-04-26,248.92,251.23,248.45,250.35,67731900,0.0,0,0.57,1.02,1.12,225.96
2018-04-27,251.0,251.31,249.58,250.58,57053600,0.0,0,-0.16,0.09,0.69,226.17
2018-04-30,251.24,251.83,248.58,248.65,82182300,0.0,0,-1.03,-0.77,1.31,224.44
2018-05-01,248.05,249.21,246.4,249.1,74203400,0.0,0,0.42,0.18,1.14,224.83
2018-05-02,248.89,249.75,247.01,247.42,86368900,0.0,0,-0.59,-0.67,1.11,223.32
2018-05-03,246.54,247.57,243.52,246.88,136311500,0.0,0,0.14,-0.22,1.66,222.83
2018-05-04,245.84,250.8,245.5,250.07,91222100,0.0,0,1.72,1.29,2.16,225.72
2018-05-07,250.89,251.95,250.16,250.92,55304900,0.0,0,0.01,0.34,0.72,226.48
2018-05-08,250.52,251.31,249.26,250.92,67499200,0.0,0,0.16,0.0,0.82,226.48
2018-05-09,251.63,253.69,251.08,253.35,59666100,0.0,0,0.68,0.97,1.04,228.67
2018-05-10,254.13,256.06,254.02,255.71,72063900,0.0,0,0.62,0.94,0.8,230.81
2018-05-11,255.85,256.78,255.3,256.49,59871500,0.0,0,0.25,0.31,0.58,231.51
2018-05-14,256.95,257.65,256.03,256.62,54790600,0.0,0,-0.13,0.05,0.63,231.62
2018-05-15,255.31,255.33,253.84,254.85,87036100,0.0,0,-0.18,-0.69,0.59,230.03
2018-05-16,254.89,256.41,254.86,255.92,53942600,0.0,0,0.41,0.42,0.61,230.99
2018-05-17,255.64,256.85,254.88,255.7,56536400,0.0,0,0.03,-0.08,0.77,230.8
2018-05-18,255.34,255.72,254.69,255.07,64368000,0.0,0,-0.11,-0.25,0.41,230.22
2018-05-21,256.64,257.56,256.23,256.98,58025900,0.0,0,0.13,0.75,0.52,231.95
2018-05-22,257.54,257.81,255.92,256.27,52966400,0.0,0,-0.49,-0.28,0.74,231.31
2018-05-23,254.92,257.0,254.75,256.97,64694200,0.0,0,0.81,0.28,0.89,231.94
2018-05-24,256.55,256.84,254.55,256.45,76043800,0.0,0,-0.04,-0.2,0.9,231.47
2018-05-25,255.84,256.5,255.3,255.84,56374800,0.0,0,0.0,-0.24,0.47,230.92
2018-05-29,254.11,254.92,251.71,252.89,115908600,0.0,0,-0.48,-1.15,1.27,228.26
2018-05-30,254.29,256.74,254.21,256.27,69678400,0.0,0,0.78,1.33,0.99,231.31
2018-05-31,255.84,256.16,254.06,254.7,93519900,0.0,0,-0.44,-0.61,0.83,229.89
2018-06-01,256.08,257.52,256.01,257.2,71258400,0.0,0,0.44,0.98,0.59,232.15
2018-06-04,258.07,258.69,257.82,258.42,45385200,0.0,0,0.13,0.48,0.34,233.25
2018-06-05,258.56,259.01,257.74,258.61,51135000,0.0,0,0.02,0.07,0.49,233.42
2018-06-06,259.26,260.88,258.6,260.77,62732200,0.0,0,0.58,0.84,0.88,235.37
2018-06-07,261.29,261.6,259.78,260.74,72969400,0.0,0,-0.21,-0.01,0.7,235.35
2018-06-08,260.25,261.57,260.08,261.51,72139700,0.0,0,0.48,0.3,0.57,236.04
2018-06-11,261.75,262.62,261.63,261.86,58892500,0.0,0,0.04,0.13,0.38,236.36
2018-06-12,262.3,262.59,261.51,262.2,72329000,0.0,0,-0.04,0.13,0.41,236.66
2018-06-13,262.45,262.73,261.15,261.36,79070600,0.0,0,-0.42,-0.32,0.6,235.91
2018-06-14,262.29,262.59,261.39,262.02,77097600,0.0,0,-0.1,0.25,0.46,236.5
2018-06-15,261.19,262.05,260.01,261.69,120041600,1.25,0,0.19,0.35,0.78,236.2
2018-06-18,260.14,261.28,259.63,261.15,52917600,0.0,0,0.39,-0.21,0.64,235.71
2018-06-19,258.73,260.38,258.29,260.15,97531500,0.0,0,0.55,-0.38,0.81,234.81
2018-06-20,260.88,261.3,260.23,260.59,53785500,0.0,0,-0.11,0.17,0.41,235.21
2018-06-21,260.58,260.6,258.43,258.96,71061400,0.0,0,-0.62,-0.63,0.84,233.74
2018-06-22,260.3,260.42,259.19,259.43,54898500,0.0,0,-0.33,0.18,0.47,234.16
2018-06-25,258.2,258.37,254.11,255.9,137854200,0.0,0,-0.89,-1.36,1.68,230.97
2018-06-26,256.5,257.37,255.7,256.47,68547400,0.0,0,-0.01,0.22,0.65,231.49
2018-06-27,257.09,258.61,254.18,254.34,105110700,0.0,0,-1.07,-0.83,1.74,229.57
2018-06-28,254.28,256.61,253.53,255.8,76650500,0.0,0,0.59,0.57,1.21,230.88
2018-06-29,256.96,258.41,256.04,256.16,97592500,0.0,0,-0.31,0.14,0.93,231.21
2018-07-02,254.49,256.88,254.24,256.71,63554800,0.0,0,0.87,0.21,1.04,231.71
2018-07-03,257.66,257.77,255.35,255.8,42187100,0.0,0,-0.72,-0.35,0.95,230.89
2018-07-05,257.0,257.96,255.86,257.89,56925900,0.0,0,0.35,0.82,0.82,232.77
2018-07-06,257.92,260.47,257.51,260.07,66493700,0.0,0,0.83,0.85,1.15,234.74
2018-07-09,261.14,262.47,261.09,262.41,50550400,0.0,0,0.49,0.9,0.53,236.86
2018-07-10,262.9,263.46,262.58,263.36,51966800,0.0,0,0.18,0.36,0.33,237.71
2018-07-11,261.71,262.55,261.11,261.43,77054700,0.0,0,-0.1,-0.73,0.55,235.97
2018-07-12,262.77,263.86,262.13,263.8,60124700,0.0,0,0.39,0.91,0.66,238.11
2018-07-13,263.61,264.33,263.13,264.01,48216000,0.0,0,0.15,0.08,0.46,238.3
2018-07-16,264.06,264.21,263.3,263.77,48201000,0.0,0,-0.11,-0.09,0.34,238.08
2018-07-17,262.95,265.26,262.9,264.84,52315500,0.0,0,0.72,0.4,0.9,239.05
2018-07-18,264.93,265.51,264.45,265.4,44593500,0.0,0,0.18,0.21,0.4,239.55
2018-07-19,264.69,265.1,263.89,264.4,61412100,0.0,0,-0.11,-0.38,0.46,238.65
2018-07-20,264.18,264.85,263.93,264.1,82337700,0.0,0,-0.03,-0.11,0.35,238.37
2018-07-23,263.88,264.8,263.51,264.59,47047600,0.0,0,0.27,0.19,0.49,238.82
2018-07-24,266.09,266.82,264.99,265.92,68026900,0.0,0,-0.06,0.5,0.69,240.02
2018-07-25,265.65,268.52,265.61,268.18,78882900,0.0,0,0.95,0.85,1.1,242.06
2018-07-26,267.42,268.28,267.32,267.55,57919500,0.0,0,0.05,-0.24,0.36,241.49
2018-07-27,267.9,268.0,264.76,265.74,76768700,0.0,0,-0.81,-0.68,1.23,239.86
2018-07-30,265.82,265.99,263.79,264.35,63742500,0.0,0,-0.55,-0.52,0.83,238.6
2018-07-31,265.16,266.31,264.76,265.65,68570500,0.0,0,0.19,0.49,0.58,239.78
2018-08-01,265.87,266.41,264.52,265.21,53853300,0.0,0,-0.25,-0.17,0.71,239.38
2018-08-02,263.82,266.83,263.6,266.65,63426400,0.0,0,1.07,0.54,1.23,240.68
2018-08-03,266.79,267.85,266.6,267.8,53935400,0.0,0,0.38,0.43,0.47,241.71
2018-08-06,267.83,269.11,267.42,268.78,39400900,0.0,0,0.35,0.37,0.63,242.6
2018-08-07,269.49,270.07,269.35,269.67,43196600,0.0,0,0.07,0.33,0.27,243.4
2018-08-08,269.49,269.98,269.06,269.55,42114600,0.0,0,0.02,-0.04,0.34,243.3
2018-08-09,269.62,270.04,269.04,269.19,35717000,0.0,0,-0.16,-0.14,0.37,242.97
2018-08-10,267.66,268.23,266.63,267.38,77076000,0.0,0,-0.1,-0.67,0.6,241.34
2018-08-13,267.67,268.33,266.07,266.38,65732900,0.0,0,-0.48,-0.37,0.85,240.44
2018-08-14,267.15,268.34,266.74,268.08,43842000,0.0,0,0.35,0.64,0.6,241.97
2018-08-15,266.65,266.8,264.55,266.08,102925400,0.0,0,-0.21,-0.75,0.85,240.16
2018-08-16,267.61,269.16,267.57,268.23,69967900,0.0,0,0.23,0.81,0.59,242.11
2018-08-17,268.01,269.65,267.58,269.18,65618500,0.0,0,0.43,0.35,0.77,242.96
2018-08-20,269.66,270.04,269.18,269.75,39807500,0.0,0,0.04,0.21,0.32,243.48
2018-08-21,270.3,271.3,269.79,270.38,67272000,0.0,0,0.03,0.23,0.56,244.05
2018-08-22,269.95,270.78,269.67,270.22,44993300,0.0,0,0.1,-0.06,0.41,243.9
2018-08-23,270.03,270.95,269.53,269.87,49204900,0.0,0,-0.06,-0.13,0.53,243.58
2018-08-24,270.48,271.64,270.42,271.49,57487400,0.0,0,0.37,0.6,0.45,245.05
2018-08-27,272.76,273.75,272.59,273.63,57072400,0.0,0,0.32,0.79,0.42,246.98
2018-08-28,274.12,274.24,273.27,273.76,46943500,0.0,0,-0.13,0.05,0.35,247.1
2018-08-29,273.99,275.48,273.74,275.24,61485500,0.0,0,0.45,0.54,0.64,248.43
2018-08-30,274.73,275.12,273.49,274.12,61229500,0.0,0,-0.22,-0.4,0.6,247.42
2018-08-31,273.69,274.61,273.17,274.13,66140800,0.0,0,0.16,0.0,0.53,247.43
2018-09-04,273.69,274.04,272.59,273.66,57594400,0.0,0,-0.01,-0.17,0.53,247.01
2018-09-05,273.28,273.5,271.85,272.92,72452400,0.0,0,-0.13,-0.27,0.61,246.34
2018-09-06,273.04,273.36,271.01,272.1,65909900,0.0,0,-0.34,-0.3,0.87,245.6
2018-09-07,270.99,272.61,270.73,271.57,73524800,0.0,0,0.22,-0.19,0.69,245.12
2018-09-10,272.65,272.93,271.84,272.05,50210900,0.0,0,-0.22,0.17,0.4,245.55
2018-09-11,271.36,273.42,270.99,272.94,50530500,0.0,0,0.58,0.33,0.9,246.36
2018-09-12,272.95,273.65,272.17,273.01,59810800,0.0,0,0.02,0.02,0.54,246.42
2018-09-13,274.14,274.82,273.84,274.62,51034200,0.0,0,0.18,0.59,0.36,247.88
2018-09-14,274.84,275.04,273.84,274.67,55079900,0.0,0,-0.06,0.02,0.44,247.92
2018-09-17,274.61,274.65,272.92,273.22,68244000,0.0,0,-0.51,-0.53,0.63,246.61
2018-09-18,273.44,275.33,273.42,274.7,61930400,0.0,0,0.46,0.54,0.7,247.94
2018-09-19,274.76,275.44,274.62,274.99,49080600,0.0,0,0.09,0.11,0.3,248.21
2018-09-20,276.33,277.56,275.01,277.22,100360600,0.0,0,0.32,0.81,0.93,250.22
2018-09-21,278.01,278.13,276.8,276.97,105479700,1.32,0,-0.38,0.39,0.48,249.99
2018-09-24,276.35,276.5,275.43,276.05,53409600,0.0,0,-0.11,-0.33,0.39,249.16
2018-09-25,276.53,276.65,275.54,275.79,44370000,0.0,0,-0.27,-0.09,0.4,248.93
2018-09-26,275.94,277.2,274.52,274.97,79739700,0.0,0,-0.35,-0.3,0.98,248.18
2018-09-27,275.47,276.89,275.17,275.73,59249500,0.0,0,0.1,0.28,0.62,248.88
2018-09-28,275.07,276.29,275.03,275.76,70091400,0.0,0,0.25,0.01,0.46,248.9
2018-10-01,277.08,277.86,276.01,276.72,62078900,0.0,0,-0.13,0.35,0.67,249.77
2018-10-02,276.56,277.32,276.16,276.56,47258200,0.0,0,0.0,-0.06,0.42,249.62
2018-10-03,277.68,278.12,276.33,276.71,64694600,0.0,0,-0.35,0.05,0.65,249.76
2018-10-04,276.2,276.26,272.86,274.55,111545900,0.0,0,-0.6,-0.78,1.24,247.81
2018-10-05,274.79,275.34,271.49,273.01,105951700,0.0,0,-0.65,-0.56,1.41,246.42
2018-10-08,272.28,273.39,270.81,273.01,87742200,0.0,0,0.27,0.0,0.95,246.42
2018-10-09,272.6,274.0,272.02,272.61,74339000,0.0,0,0.0,-0.15,0.73,246.06
2018-10-10,272.07,272.15,263.58,263.98,214731000,0.0,0,-2.97,-3.17,3.25,238.27
2018-10-11,262.82,264.55,256.45,258.17,274840500,0.0,0,-1.77,-2.2,3.16,233.02
2018-10-12,262.53,262.83,258.36,261.75,183186500,0.0,0,-0.3,1.39,1.73,236.26
2018-10-15,261.37,262.79,260.19,260.28,102263700,0.0,0,-0.42,-0.56,1.0,234.93
2018-10-16,262.37,266.37,261.87,265.97,118255800,0.0,0,1.37,2.19,1.72,240.07
2018-10-17,266.01,266.69,263.28,266.02,110626000,0.0,0,0.0,0.02,1.29,240.11
2018-10-18,265.03,265.66,260.82,262.18,134557500,0.0,0,-1.07,-1.44,1.85,236.64
2018-10-19,262.87,264.93,261.3,262.04,139901600,0.0,0,-0.32,-0.05,1.39,236.52
2018-10-22,262.75,263.09,260.29,260.86,82415800,0.0,0,-0.72,-0.45,1.08,235.45
2018-10-23,257.01,260.73,254.79,259.53,146352700,0.0,0,0.98,-0.51,2.33,234.25
2018-10-24,259.27,259.68,251.08,251.67,177806700,0.0,0,-2.93,-3.03,3.42,227.16
2018-10-25,253.62,257.83,252.53,256.18,138061500,0.0,0,1.01,1.79,2.1,231.23
2018-10-26,252.24,257.06,248.8,251.68,201574600,0.0,0,-0.22,-1.76,3.32,227.17
2018-10-29,254.97,256.35,246.48,250.28,160749100,0.0,0,-1.84,-0.55,4.0,225.91
2018-10-30,250.1,254.33,249.58,253.99,157116000,0.0,0,1.55,1.48,1.9,229.25
2018-10-31,256.73,259.17,256.22,256.71,128296300,0.0,0,-0.01,1.07,1.15,231.7
2018-11-01,257.63,259.65,256.47,259.44,99495000,0.0,0,0.7,1.06,1.24,234.17
2018-11-02,260.61,261.07,255.72,257.9,122634100,0.0,0,-1.04,-0.59,2.09,232.78
2018-11-05,258.42,259.91,257.39,259.32,65622500,0.0,0,0.35,0.55,0.98,234.07
2018-11-06,259.26,261.14,259.19,260.97,60085900,0.0,0,0.66,0.63,0.75,235.55
2018-11-07,263.28,266.64,262.82,266.55,102752100,0.0,0,1.24,2.14,1.45,240.59
2018-11-08,265.7,266.75,264.85,266.07,65584900,0.0,0,0.14,-0.18,0.72,240.15
2018-11-09,264.67,264.87,261.97,263.47,98812600,0.0,0,-0.46,-0.98,1.11,237.81
2018-11-12,262.93,263.19,258.0,258.55,99673600,0.0,0,-1.67,-1.87,2.01,233.36
2018-11-13,259.04,261.16,257.29,258.06,98176600,0.0,0,-0.38,-0.19,1.5,232.93
2018-11-14,260.05,260.48,254.64,256.3,125335900,0.0,0,-1.44,-0.68,2.29,231.34
2018-11-15,254.95,259.47,253.27,258.97,135101400,0.0,0,1.58,1.04,2.45,233.75
2018-11-16,257.81,260.61,257.26,259.65,126668000,0.0,0,0.71,0.26,1.31,234.36
2018-11-19,259.0,259.32,254.28,255.26,103061700,0.0,0,-1.45,-1.69,1.98,230.39
2018-11-20,251.71,253.26,249.61,250.53,136021300,0.0,0,-0.47,-1.85,1.46,226.13
2018-11-21,252.18,253.41,251.38,251.39,75563700,0.0,0,-0.32,0.34,0.81,226.9
2018-11-23,249.64,251.2,249.54,249.71,42807900,0.0,0,0.03,-0.67,0.67,225.38
2018-11-26,252.11,253.97,251.69,253.74,79981400,0.0,0,0.65,1.61,0.91,229.02
2018-11-27,252.64,254.59,251.99,254.59,75502400,0.0,0,0.77,0.34,1.03,229.79
2018-11-28,255.73,260.45,254.52,260.45,127629600,0.0,0,1.85,2.3,2.33,235.09
2018-11-29,259.63,261.37,258.41,259.88,82346400,0.0,0,0.1,-0.22,1.15,234.57
2018-11-30,259.72,262.07,259.38,261.47,98204200,0.0,0,0.67,0.61,1.03,236.0
2018-12-03,265.86,265.97,263.23,264.93,103176300,0.0,0,-0.35,1.32,1.04,239.13
2018-12-04,264.05,264.5,256.01,256.35,177986000,0.0,0,-2.92,-3.24,3.32,231.38
2018-12-06,252.24,256.08,248.94,255.96,204185400,0.0,0,1.47,-0.15,2.87,231.03
2018-12-07,255.6,257.27,249.12,250.01,161018900,0.0,0,-2.19,-2.32,3.27,225.66
2018-12-10,249.82,251.52,245.31,250.48,151445900,0.0,0,0.27,0.19,2.53,226.09
2018-12-11,253.89,254.09,248.98,250.54,121504400,0.0,0,-1.32,0.02,2.05,226.14
2018-12-12,253.71,255.16,251.72,251.8,97976700,0.0,0,-0.75,0.5,1.37,227.28
2018-12-13,252.81,253.73,250.53,251.72,96662700,0.0,0,-0.43,-0.03,1.28,227.2
2018-12-14,249.43,250.45,246.48,247.07,116961100,0.0,0,-0.95,-1.85,1.61,223.0
2018-12-17,246.05,247.24,240.49,242.22,165492300,0.0,0,-1.56,-1.96,2.81,218.63
2018-12-18,243.97,244.68,240.25,241.96,134515100,0.0,0,-0.82,-0.11,1.84,218.39
2018-12-19,242.04,246.05,236.52,238.33,214992800,0.0,0,-1.53,-1.5,4.03,215.12
2018-12-20,237.01,238.67,232.06,234.45,252053400,0.0,0,-1.08,-1.63,2.85,211.62
2018-12-21,235.41,238.25,228.96,229.65,255345600,1.44,0,-2.45,-1.44,4.05,207.28
2018-12-24,228.07,229.78,223.51,223.58,147311600,0.0,0,-1.97,-2.64,2.8,201.8
2018-12-26,225.14,234.88,223.03,234.88,218485400,0.0,0,4.33,5.05,5.31,212.0
2018-12-27,231.43,236.89,227.99,236.68,186267300,0.0,0,2.27,0.77,3.9,213.63
2018-12-28,238.12,239.86,235.14,236.38,153100200,0.0,0,-0.73,-0.13,2.01,213.35
2018-12-31,238.1,238.7,236.11,238.45,144299400,0.0,0,0.14,0.88,1.1,215.22
2019-01-02,234.69,239.68,234.66,238.69,126925200,0.0,0,1.71,0.1,2.14,215.45
2019-01-03,236.83,237.16,232.48,233.0,144140700,0.0,0,-1.62,-2.39,2.01,210.3
2019-01-04,236.22,241.49,235.82,240.8,142628800,0.0,0,1.94,3.35,2.4,217.35
2019-01-07,241.09,244.2,240.14,242.7,103139100,0.0,0,0.67,0.79,1.69,219.06
2019-01-08,245.03,245.5,242.34,244.98,102512600,0.0,0,-0.02,0.94,1.3,221.12
2019-01-09,245.74,247.02,244.43,246.13,95006600,0.0,0,0.16,0.47,1.06,222.15
2019-01-10,244.5,247.26,243.77,247.0,96823900,0.0,0,1.02,0.35,1.43,222.94
2019-01-11,245.85,247.12,245.23,247.09,73858100,0.0,0,0.5,0.04,0.77,223.02
2019-01-14,245.07,246.44,244.64,245.58,70908200,0.0,0,0.21,-0.61,0.74,221.66
2019-01-15,245.98,248.73,245.97,248.4,85208300,0.0,0,0.98,1.15,1.12,224.2
2019-01-16,248.86,249.94,248.64,249.0,77636700,0.0,0,0.06,0.24,0.53,224.75
2019-01-17,248.07,251.8,248.03,250.89,96118400,0.0,0,1.13,0.76,1.52,226.45
2019-01-18,252.82,254.72,250.93,254.23,127900300,0.0,0,0.56,1.33,1.51,229.47
2019-01-22,252.66,252.89,249.08,250.79,115531200,0.0,0,-0.74,-1.35,1.53,226.37
2019-01-23,251.89,252.63,248.69,251.32,86030300,0.0,0,-0.23,0.21,1.58,226.84
2019-01-24,251.13,252.07,250.05,251.45,59204100,0.0,0,0.13,0.05,0.81,226.96
2019-01-25,253.42,254.46,251.56,253.58,96883400,0.0,0,0.06,0.85,1.15,228.88
2019-01-28,251.3,251.72,249.77,251.65,85613700,0.0,0,0.14,-0.76,0.78,227.14
2019-01-29,251.8,252.4,250.43,251.32,66136300,0.0,0,-0.19,-0.13,0.79,226.84
2019-01-30,252.93,256.19,252.12,255.3,92473700,0.0,0,0.94,1.58,1.62,230.43
2019-01-31,255.23,258.05,255.0,257.54,104012100,0.0,0,0.9,0.88,1.2,232.45
2019-02-01,257.75,258.75,256.82,257.66,85782500,0.0,0,-0.03,0.05,0.75,232.57
2019-02-04,257.71,259.54,256.99,259.47,60744800,0.0,0,0.68,0.7,0.99,234.2
2019-02-05,259.93,260.89,259.4,260.56,79552800,0.0,0,0.24,0.42,0.57,235.18
2019-02-06,260.27,260.79,259.44,260.22,58347800,0.0,0,-0.02,-0.13,0.52,234.87
2019-02-07,258.5,259.08,255.97,257.74,95482000,0.0,0,-0.3,-0.95,1.22,232.63
2019-02-08,256.41,258.16,255.53,258.05,75788900,0.0,0,0.64,0.12,1.03,232.92
2019-02-11,258.75,259.03,257.63,258.2,68021400,0.0,0,-0.21,0.06,0.54,233.05
2019-02-12,259.91,261.92,259.84,261.52,72270200,0.0,0,0.62,1.29,0.8,236.04
2019-02-13,262.4,263.26,261.96,262.37,65277200,0.0,0,-0.01,0.32,0.5,236.81
2019-02-14,261.21,262.99,260.34,261.78,83234400,0.0,0,0.22,-0.22,1.02,236.29
2019-02-15,263.67,264.67,263.45,264.64,97088700,0.0,0,0.37,1.09,0.46,238.86
2019-02-19,263.79,265.79,263.78,265.09,59120800,0.0,0,0.5,0.17,0.76,239.27
2019-02-20,265.06,266.12,264.52,265.63,76610800,0.0,0,0.22,0.2,0.6,239.76
2019-02-21,264.95,265.33,263.66,264.68,64214700,0.0,0,-0.1,-0.36,0.63,238.9
2019-02-22,265.34,266.53,264.66,266.33,78114600,0.0,0,0.37,0.62,0.71,240.38
2019-02-25,267.84,268.4,266.6,266.69,69030700,0.0,0,-0.43,0.14,0.67,240.71
2019-02-26,266.32,267.43,266.1,266.5,56844100,0.0,0,0.07,-0.07,0.5,240.54
2019-02-27,265.73,266.75,264.74,266.38,56921600,0.0,0,0.24,-0.04,0.76,240.44
2019-02-28,266.15,266.62,265.54,265.89,69268300,0.0,0,-0.1,-0.19,0.41,239.99
2019-03-01,267.57,267.99,266.02,267.55,78880500,0.0,0,-0.01,0.62,0.74,241.49
2019-03-04,268.67,268.93,264.13,266.57,106494600,0.0,0,-0.78,-0.36,1.82,240.61
2019-03-05,266.71,266.92,265.63,266.21,59114600,0.0,0,-0.19,-0.14,0.48,240.28
2019-03-06,266.33,266.34,264.25,264.6,75039800,0.0,0,-0.65,-0.61,0.79,238.83
2019-03-07,264.12,264.27,261.49,262.38,94885100,0.0,0,-0.66,-0.84,1.07,236.83
2019-03-08,260.41,262.04,259.91,261.86,85795800,0.0,0,0.56,-0.2,0.82,236.35
2019-03-11,262.62,265.83,262.59,265.66,65098900,0.0,0,1.16,1.45,1.23,239.78
2019-03-12,266.25,267.21,266.05,266.66,79667500,0.0,0,0.15,0.38,0.44,240.69
2019-03-13,267.6,269.42,267.43,268.42,80639200,0.0,0,0.31,0.66,0.74,242.28
2019-03-14,268.45,268.9,267.78,268.25,67518400,0.0,0,-0.07,-0.06,0.42,242.12
2019-03-15,268.84,270.44,268.64,269.58,81309000,1.23,0,0.27,0.95,0.67,243.32
2019-03-18,269.81,270.87,269.57,270.56,62199800,0.0,0,0.28,0.36,0.48,244.2
2019-03-19,271.69,272.5,269.67,270.62,90268100,0.0,0,-0.39,0.02,1.05,244.26
2019-03-20,270.39,271.68,268.63,269.81,84609200,0.0,0,-0.22,-0.3,1.13,243.53
2019-03-21,268.94,273.29,268.89,272.86,79550400,0.0,0,1.46,1.13,1.64,246.28
2019-03-22,271.41,271.96,267.54,267.6,122659300,0.0,0,-1.4,-1.92,1.65,241.54
2019-03-25,267.24,268.5,266.06,267.4,85575200,0.0,0,0.06,-0.08,0.92,241.36
2019-03-26,269.27,270.41,267.9,269.4,68125900,0.0,0,0.05,0.75,0.94,243.16
2019-03-27,269.39,270.01,266.34,267.99,72224700,0.0,0,-0.52,-0.52,1.38,241.88
2019-03-28,268.66,269.48,267.43,269.0,56238500,0.0,0,0.13,0.38,0.77,242.8
2019-03-29,270.61,271.04,269.41,270.7,82186800,0.0,0,0.03,0.63,0.6,244.33
2019-04-01,272.83,274.23,272.54,273.91,77617900,0.0,0,0.4,1.19,0.62,247.23
2019-04-02,274.11,274.29,273.2,274.04,40070400,0.0,0,-0.02,0.05,0.4,247.35
2019-04-03,275.34,275.76,273.83,274.47,68243200,0.0,0,-0.31,0.16,0.7,247.74
2019-04-04,274.82,275.47,274.08,275.2,48997500,0.0,0,0.14,0.27,0.51,248.4
2019-04-05,275.91,276.59,275.61,276.53,58621700,0.0,0,0.23,0.48,0.36,249.6
2019-04-08,276.08,276.86,275.38,276.75,53566300,0.0,0,0.24,0.08,0.54,249.79
2019-04-09,275.72,276.07,274.74,275.33,66142300,0.0,0,-0.14,-0.51,0.48,248.51
2019-04-10,275.77,276.36,275.33,276.27,52601500,0.0,0,0.18,0.34,0.38,249.36
2019-04-11,276.78,276.79,275.59,276.19,55093100,0.0,0,-0.21,-0.03,0.44,249.29
2019-04-12,277.91,278.36,276.24,278.06,69727800,0.0,0,0.06,0.68,0.77,250.98
2019-04-15,278.14,278.24,277.02,277.88,49596700,0.0,0,-0.09,-0.07,0.44,250.81
2019-04-16,278.82,278.87,277.43,278.06,52153200,0.0,0,-0.27,0.07,0.52,250.98
2019-04-17,279.25,279.28,276.94,277.38,58268300,0.0,0,-0.67,-0.24,0.84,250.36
2019-04-18,278.0,278.21,276.62,277.92,68708500,0.0,0,-0.03,0.2,0.58,250.85
2019-04-22,277.11,278.33,277.01,278.16,40160100,0.0,0,0.38,0.09,0.47,251.07
2019-04-23,278.56,280.91,278.31,280.67,52246600,0.0,0,0.76,0.9,0.94,253.33
2019-04-24,280.58,280.93,279.89,280.04,50392900,0.0,0,-0.19,-0.22,0.37,252.77
2019-04-25,279.94,280.57,278.6,279.87,57770900,0.0,0,-0.02,-0.06,0.71,252.61
2019-04-26,279.92,281.25,279.09,281.17,50916400,0.0,0,0.45,0.47,0.77,253.79
2019-04-29,281.27,282.17,281.17,281.61,57197700,0.0,0,0.12,0.16,0.35,254.18
2019-04-30,281.25,282.06,279.75,281.76,81111700,0.0,0,0.18,0.05,0.83,254.31
2019-05-01,282.43,282.65,279.63,279.64,71671900,0.0,0,-0.99,-0.75,1.08,252.4
2019-05-02,279.52,280.49,277.45,279.04,65030200,0.0,0,-0.17,-0.22,1.1,251.86
2019-05-03,280.61,282.06,279.15,281.77,56543700,0.0,0,0.41,0.98,1.04,254.32
2019-05-06,277.19,281.08,276.85,280.61,107198100,0.0,0,1.23,-0.41,1.53,253.28
2019-05-07,278.05,278.68,273.89,275.92,144729900,0.0,0,-0.77,-1.67,1.75,249.05
2019-05-08,275.54,277.36,274.91,275.54,91568300,0.0,0,0.0,-0.14,0.89,248.7
2019-05-09,273.33,275.35,271.48,274.7,103471100,0.0,0,0.5,-0.3,1.42,247.95
2019-05-10,273.71,276.89,270.53,276.08,112429300,0.0,0,0.87,0.5,2.35,249.19
2019-05-13,270.64,271.67,268.26,269.15,127290500,0.0,0,-0.55,-2.51,1.27,242.93
2019-05-14,270.23,273.21,270.1,271.58,77003200,0.0,0,0.5,0.9,1.15,245.13
2019-05-15,269.85,273.85,269.63,273.17,73956400,0.0,0,1.23,0.59,1.57,246.56
2019-05-16,273.92,277.15,273.84,275.7,76749600,0.0,0,0.65,0.93,1.21,248.85
2019-05-17,273.25,276.56,273.23,273.92,100353000,0.0,0,0.25,-0.65,1.22,247.24
2019-05-20,272.21,274.03,271.31,272.11,62877600,0.0,0,-0.04,-0.66,1.0,245.6
2019-05-21,273.91,274.96,273.64,274.56,46847100,0.0,0,0.24,0.9,0.48,247.82
2019-05-22,273.54,274.73,273.21,273.72,49482500,0.0,0,0.06,-0.31,0.56,247.06
2019-05-23,271.35,271.4,268.87,270.37,98733800,0.0,0,-0.36,-1.22,0.94,244.04
2019-05-24,271.91,272.35,270.33,270.99,55268100,0.0,0,-0.34,0.23,0.75,244.59
2019-05-28,271.28,272.3,268.45,268.47,70029400,0.0,0,-1.04,-0.93,1.44,242.32
2019-05-29,267.28,267.71,265.17,266.66,104972900,0.0,0,-0.23,-0.67,0.96,240.69
2019-05-30,267.47,268.36,266.22,267.39,62523800,0.0,0,-0.03,0.27,0.8,241.35
2019-05-31,264.68,265.56,263.76,263.79,86862800,0.0,0,-0.34,-1.35,0.68,238.1
2019-06-03,263.83,265.02,261.7,263.12,96428000,0.0,0,-0.27,-0.25,1.27,237.49
2019-06-04,265.56,268.97,265.08,268.83,77231900,0.0,0,1.23,2.17,1.47,242.65
2019-06-05,270.56,271.19,268.63,271.16,71169700,0.0,0,0.22,0.87,0.95,244.75
2019-06-06,271.47,273.64,270.79,272.92,69430400,0.0,0,0.53,0.65,1.05,246.34
2019-06-07,274.0,276.8,273.82,275.65,74272200,0.0,0,0.6,1.0,1.09,248.8
2019-06-10,277.3,278.69,276.82,276.92,60799100,0.0,0,-0.14,0.46,0.68,249.95
2019-06-11,278.85,279.25,276.16,276.85,58641300,0.0,0,-0.72,-0.02,1.12,249.89
2019-06-12,276.6,277.2,275.82,276.36,47096300,0.0,0,-0.09,-0.18,0.5,249.44
2019-06-13,277.33,277.89,276.58,277.5,48945200,0.0,0,0.06,0.41,0.47,250.47
2019-06-14,277.2,277.84,276.38,277.2,52324700,0.0,0,0.0,-0.11,0.53,250.2
2019-06-17,277.45,278.12,277.12,277.3,39205700,0.0,0,-0.05,0.04,0.36,250.29
2019-06-18,279.24,281.33,278.85,280.21,85434800,0.0,0,0.35,1.05,0.89,252.91
2019-06-19,280.35,281.4,279.31,280.84,78674400,0.0,0,0.17,0.23,0.75,253.48
2019-06-20,283.69,283.95,280.9,283.52,116570000,0.0,0,-0.06,0.96,1.08,255.91
2019-06-21,283.23,284.57,282.88,283.11,83309500,1.43,0,-0.04,0.36,0.6,255.53
2019-06-24,283.33,283.67,282.6,282.76,47582700,0.0,0,-0.2,-0.12,0.38,255.22
2019-06-25,282.82,282.85,279.87,279.99,82028700,0.0,0,-1.0,-0.98,1.06,252.72
2019-06-26,280.94,281.48,279.59,279.71,51584900,0.0,0,-0.44,-0.1,0.68,252.47
2019-06-27,280.52,281.24,280.11,280.7,40355200,0.0,0,0.07,0.35,0.4,253.36
2019-06-28,281.74,282.68,281.19,282.15,59350900,0.0,0,0.14,0.51,0.53,254.66
2019-07-01,285.69,285.92,283.43,284.71,78705600,0.0,0,-0.34,0.91,0.88,256.98
2019-07-02,284.66,285.51,283.76,285.45,61504500,0.0,0,0.28,0.26,0.61,257.65
2019-07-03,286.17,287.75,286.02,287.73,40898900,0.0,0,0.55,0.8,0.61,259.71
2019-07-05,286.42,287.58,285.04,287.4,51677300,0.0,0,0.34,-0.11,0.89,259.41
2019-07-08,286.01,287.21,285.25,285.82,45841800,0.0,0,-0.06,-0.55,0.69,257.98
2019-07-09,284.59,286.5,284.53,286.18,41101300,0.0,0,0.56,0.12,0.69,258.31
2019-07-10,287.32,288.56,286.75,287.55,58448500,0.0,0,0.08,0.48,0.63,259.54
2019-07-11,288.23,288.48,287.15,288.22,50826100,0.0,0,-0.0,0.23,0.46,260.15
2019-07-12,288.74,289.59,288.41,289.51,40326000,0.0,0,0.27,0.45,0.41,261.31
2019-07-15,289.97,289.97,289.07,289.61,33900000,0.0,0,-0.13,0.03,0.31,261.4
2019-07-16,289.51,289.73,288.35,288.67,36650100,0.0,0,-0.29,-0.32,0.48,260.56
2019-07-17,288.65,288.82,286.71,286.71,36036300,0.0,0,-0.67,-0.68,0.74,258.78
2019-07-18,286.18,288.16,285.71,287.76,51392600,0.0,0,0.55,0.37,0.86,259.73
2019-07-19,288.92,288.95,285.98,286.16,58678600,0.0,0,-0.96,-0.56,1.04,258.29
2019-07-22,286.58,287.44,286.04,286.86,43638100,0.0,0,0.1,0.25,0.49,258.92
2019-07-23,288.06,288.92,287.17,288.92,44564500,0.0,0,0.3,0.71,0.61,260.77
2019-07-24,288.11,290.27,288.01,290.27,47213200,0.0,0,0.75,0.47,0.79,262.0
2019-07-25,289.79,289.85,288.03,288.89,55394100,0.0,0,-0.31,-0.48,0.63,260.75
2019-07-26,289.62,291.03,289.48,290.82,45084100,0.0,0,0.42,0.67,0.54,262.5
2019-07-29,290.7,290.82,289.7,290.29,38126500,0.0,0,-0.14,-0.18,0.39,262.02
2019-07-30,288.8,290.01,288.4,289.58,45849000,0.0,0,0.27,-0.25,0.56,261.37
2019-07-31,289.84,290.04,284.26,286.41,104245200,0.0,0,-1.18,-1.09,2.03,258.52
2019-08-01,286.58,289.72,283.07,283.92,142646600,0.0,0,-0.93,-0.87,2.35,256.26
2019-08-02,282.96,283.22,280.12,281.78,116749700,0.0,0,-0.42,-0.75,1.11,254.33
2019-08-05,277.42,277.53,271.28,273.31,178745400,0.0,0,-1.48,-3.01,2.3,246.69
2019-08-06,275.32,277.37,273.75,277.14,120711700,0.0,0,0.66,1.4,1.32,250.15
2019-08-07,273.86,278.12,271.59,277.3,140572300,0.0,0,1.26,0.06,2.4,250.29
2019-08-08,278.89,282.74,278.3,282.74,87713900,0.0,0,1.38,1.96,1.6,255.2
2019-08-09,281.74,282.38,278.92,280.82,93730000,0.0,0,-0.33,-0.68,1.24,253.47
2019-08-12,279.22,280.81,276.39,277.4,65527600,0.0,0,-0.65,-1.22,1.6,250.38
2019-08-13,277.08,283.25,276.71,281.71,94299800,0.0,0,1.67,1.56,2.36,254.27
2019-08-14,277.4,278.04,273.25,273.38,135622100,0.0,0,-1.45,-2.96,1.75,246.76
2019-08-15,274.33,275.06,271.93,274.1,99556600,0.0,0,-0.08,0.26,1.15,247.41
2019-08-16,275.87,278.61,274.16,278.15,83018300,0.0,0,0.83,1.48,1.62,251.06
2019-08-19,281.37,282.22,280.64,281.5,53571800,0.0,0,0.05,1.2,0.56,254.08
2019-08-20,280.96,281.53,279.21,279.34,51596400,0.0,0,-0.58,-0.77,0.83,252.14
2019-08-21,281.64,282.01,280.91,281.62,49524700,0.0,0,-0.01,0.81,0.39,254.19
2019-08-22,282.37,283.04,279.64,281.53,51666400,0.0,0,-0.3,-0.03,1.22,254.11
2019-08-23,280.14,281.91,272.97,274.3,149161500,0.0,0,-2.09,-2.57,3.28,247.58
2019-08-26,276.63,277.33,275.0,277.33,72423800,0.0,0,0.25,1.11,0.85,250.32
2019-08-27,278.81,279.21,275.43,276.24,66668900,0.0,0,-0.92,-0.39,1.37,249.34
2019-08-28,275.54,278.36,274.68,278.19,59696700,0.0,0,0.96,0.7,1.34,251.09
2019-08-29,280.91,282.3,279.84,281.74,57899400,0.0,0,0.29,1.28,0.88,254.3
2019-08-30,283.32,283.34,280.62,281.62,62901200,0.0,0,-0.6,-0.04,0.97,254.19
2019-09-03,279.81,280.78,278.55,279.97,69101400,0.0,0,0.06,-0.58,0.8,252.7
2019-09-04,282.28,283.17,281.48,283.15,46887300,0.0,0,0.31,1.14,0.6,255.57
2019-09-05,285.8,287.76,283.11,286.79,83258100,0.0,0,0.35,1.29,1.64,258.85
2019-09-06,287.12,287.69,286.4,287.01,49584300,0.0,0,-0.04,0.08,0.45,259.05
2019-09-09,288.06,288.15,286.15,287.15,51260300,0.0,0,-0.31,0.05,0.7,259.18
2019-09-10,286.34,287.15,285.01,287.09,57947100,0.0,0,0.26,-0.02,0.75,259.12
2019-09-11,287.41,289.21,286.72,289.13,68821100,0.0,0,0.6,0.71,0.87,260.97
2019-09-12,290.09,291.26,289.28,290.13,72908700,0.0,0,0.01,0.35,0.68,261.87
2019-09-13,290.6,290.98,289.54,289.94,62104800,0.0,0,-0.23,-0.07,0.5,261.7
2019-09-16,288.73,289.98,288.36,289.04,58191200,0.0,0,0.11,-0.31,0.56,260.89
2019-09-17,288.83,289.87,288.65,289.77,41475500,0.0,0,0.33,0.25,0.42,261.55
2019-09-18,289.36,290.06,287.19,289.95,73375800,0.0,0,0.2,0.06,1.0,261.7
2019-09-19,290.36,291.42,289.57,289.93,76560500,0.0,0,-0.15,-0.01,0.64,261.69
2019-09-20,290.57,290.87,287.71,288.56,89565000,1.38,0,-0.69,0.0,1.1,260.45
2019-09-23,287.85,289.25,287.58,288.49,43476800,0.0,0,0.22,-0.02,0.58,260.39
2019-09-24,289.65,290.07,285.2,286.23,94869400,0.0,0,-1.18,-0.78,1.71,258.35
2019-09-25,286.31,288.39,284.74,287.92,71854000,0.0,0,0.56,0.59,1.28,259.87
2019-09-26,287.93,288.15,285.82,287.32,56179700,0.0,0,-0.21,-0.21,0.82,259.33
2019-09-27,288.12,288.24,284.12,285.77,84746600,0.0,0,-0.82,-0.54,1.45,257.94
2019-09-30,286.32,287.85,286.27,287.1,51662400,0.0,0,0.27,0.46,0.55,259.13
2019-10-01,288.03,288.73,283.45,283.68,88242400,0.0,0,-1.51,-1.19,1.86,256.05
2019-10-02,282.0,282.01,277.3,278.67,122539500,0.0,0,-1.18,-1.77,1.7,251.53
2019-10-03,278.43,280.98,275.54,280.95,85278800,0.0,0,0.91,0.82,1.98,253.59
2019-10-04,281.65,285.03,281.59,284.75,65091200,0.0,0,1.1,1.35,1.22,257.02
2019-10-07,283.9,285.63,283.23,283.53,59610500,0.0,0,-0.13,-0.43,0.85,255.91
2019-10-08,281.55,282.34,279.09,279.12,95708100,0.0,0,-0.86,-1.55,1.16,251.94
2019-10-09,281.27,282.77,280.6,281.77,62359400,0.0,0,0.18,0.95,0.77,254.33
2019-10-10,281.69,284.62,281.51,283.68,55296300,0.0,0,0.71,0.68,1.1,256.05
2019-10-11,286.61,289.0,286.49,286.62,98720400,0.0,0,0.0,1.04,0.88,258.7
2019-10-14,286.28,287.0,285.93,286.3,40394800,0.0,0,0.01,-0.11,0.37,258.42
2019-10-15,287.41,289.93,287.29,289.14,46754500,0.0,0,0.6,0.99,0.92,260.98
2019-10-16,288.64,289.41,288.21,288.67,48928200,0.0,0,0.01,-0.16,0.42,260.56
2019-10-17,289.91,290.45,288.79,289.52,45736600,0.0,0,-0.13,0.29,0.58,261.32
2019-10-18,288.95,289.64,287.35,288.26,64304000,0.0,0,-0.24,-0.44,0.8,260.18
2019-10-21,289.66,290.42,289.19,290.21,39048600,0.0,0,0.19,0.68,0.42,261.94
2019-10-22,290.78,291.09,289.17,289.26,48594700,0.0,0,-0.52,-0.33,0.67,261.09
2019-10-23,288.99,290.16,288.77,290.1,34352200,0.0,0,0.38,0.29,0.48,261.85
2019-10-24,291.1,291.26,289.7,290.58,35453100,0.0,0,-0.18,0.16,0.54,262.28
2019-10-25,289.97,292.35,289.91,291.77,45205400,0.0,0,0.62,0.41,0.84,263.35
2019-10-28,293.06,293.94,293.04,293.41,42147000,0.0,0,0.12,0.56,0.31,264.83
2019-10-29,293.12,294.31,292.99,293.33,44284900,0.0,0,0.07,-0.03,0.45,264.76
2019-10-30,293.54,294.62,292.15,294.23,49643900,0.0,0,0.23,0.31,0.85,265.57
2019-10-31,294.22,294.22,291.89,293.44,69053800,0.0,0,-0.26,-0.27,0.8,264.86
2019-11-01,294.98,296.21,294.81,296.16,71141500,0.0,0,0.4,0.93,0.48,267.31
2019-11-04,297.81,297.96,296.95,297.35,60606900,0.0,0,-0.16,0.4,0.34,268.39
2019-11-05,297.56,297.88,296.71,297.02,42933200,0.0,0,-0.18,-0.11,0.39,268.09
2019-11-06,297.02,297.38,296.08,297.09,46487100,0.0,0,0.02,0.02,0.44,268.15
2019-11-07,298.51,299.56,297.63,298.13,54272300,0.0,0,-0.13,0.35,0.65,269.1
2019-11-08,297.77,298.93,297.02,298.87,49032100,0.0,0,0.37,0.25,0.64,269.76
2019-11-11,297.4,298.48,297.25,298.3,35797300,0.0,0,0.3,-0.19,0.41,269.24
2019-11-12,298.69,299.88,298.1,298.93,46484600,0.0,0,0.08,0.21,0.6,269.81
2019-11-13,297.87,299.45,297.63,299.02,53917700,0.0,0,0.39,0.03,0.61,269.9
2019-11-14,298.72,299.55,298.05,299.46,51219900,0.0,0,0.25,0.15,0.5,270.29
2019-11-15,300.88,301.67,300.15,301.63,62023600,0.0,0,0.25,0.72,0.51,272.25
2019-11-18,301.37,302.1,300.89,301.85,49228000,0.0,0,0.16,0.07,0.4,272.45
2019-11-19,302.49,302.5,301.07,301.76,67804700,0.0,0,-0.24,-0.03,0.47,272.37
2019-11-20,301.13,301.68,298.99,300.64,79406200,0.0,0,-0.16,-0.37,0.9,271.36
2019-11-21,300.76,300.87,299.3,300.16,54664700,0.0,0,-0.2,-0.16,0.52,270.92
2019-11-22,300.95,301.09,299.75,300.82,44850200,0.0,0,-0.04,0.22,0.45,271.52
2019-11-25,301.81,303.15,301.81,303.15,48647200,0.0,0,0.45,0.78,0.45,273.63
2019-11-26,303.19,304.03,302.85,303.84,37569000,0.0,0,0.21,0.23,0.39,274.25
2019-11-27,304.35,305.2,304.12,305.2,44444600,0.0,0,0.28,0.45,0.35,275.47
2019-11-29,304.6,304.86,303.82,304.06,36592700,0.0,0,-0.17,-0.37,0.34,274.45
2019-12-02,304.33,304.4,301.03,301.48,75767800,0.0,0,-0.94,-0.85,1.12,272.12
2019-12-03,298.59,299.55,297.12,299.46,73941700,0.0,0,0.29,-0.67,0.82,270.29
2019-12-04,300.57,301.95,300.2,301.31,49080000,0.0,0,0.24,0.62,0.58,271.96
2019-12-05,302.05,302.07,300.46,301.85,40709000,0.0,0,-0.07,0.18,0.54,272.45
2019-12-06,303.88,305.03,303.87,304.61,48927000,0.0,0,0.24,0.91,0.38,274.94
2019-12-09,304.19,304.91,303.57,303.65,34838500,0.0,0,-0.18,-0.31,0.44,274.07
2019-12-10,303.59,304.3,302.61,303.31,52649800,0.0,0,-0.09,-0.11,0.56,273.77
2019-12-11,303.79,304.44,303.22,304.17,53429100,0.0,0,0.12,0.28,0.4,274.54
2019-12-12,304.18,307.62,303.93,306.79,96389600,0.0,0,0.86,0.86,1.22,276.91
2019-12-13,306.54,308.28,305.72,306.98,81503900,0.0,0,0.14,0.06,0.84,277.08
2019-12-16,308.81,309.71,306.91,309.08,82749700,0.0,0,0.09,0.69,0.91,278.98
2019-12-17,309.49,309.81,309.07,309.15,61097700,0.0,0,-0.11,0.02,0.24,279.04
2019-12-18,309.57,309.81,309.11,309.17,48133000,0.0,0,-0.13,0.01,0.23,279.06
2019-12-19,309.37,310.52,309.1,310.44,85310500,0.0,0,0.34,0.41,0.46,280.2
2019-12-20,311.54,313.01,310.5,311.8,147142100,1.57,0,0.08,0.94,0.81,281.43
2019-12-23,312.64,312.69,312.12,312.28,52990000,0.0,0,-0.12,0.15,0.18,281.86
2019-12-24,312.52,312.57,311.97,312.29,20270000,0.0,0,-0.07,0.0,0.19,281.87
2019-12-26,312.69,313.96,312.68,313.95,30911200,0.0,0,0.4,0.53,0.41,283.37
2019-12-27,314.73,314.78,313.31,313.87,42528800,0.0,0,-0.27,-0.02,0.47,283.3
2019-12-30,313.96,314.1,311.63,312.14,49729100,0.0,0,-0.58,-0.55,0.8,281.74
2019-12-31,311.61,313.16,311.24,312.9,57077300,0.0,0,0.41,0.24,0.62,282.42
2020-01-02,314.53,315.84,313.55,315.82,59151200,0.0,0,0.41,0.94,0.73,285.06
2020-01-03,312.22,314.63,312.16,313.43,77709700,0.0,0,0.39,-0.76,0.79,282.9
2020-01-06,311.57,314.72,311.44,314.63,55653900,0.0,0,0.98,0.38,1.05,283.98
2020-01-07,314.03,314.53,313.27,313.74,40496400,0.0,0,-0.09,-0.28,0.4,283.19
2020-01-08,313.95,316.71,313.69,315.42,68296000,0.0,0,0.47,0.53,0.96,284.7
2020-01-09,317.08,317.63,316.46,317.56,48473300,0.0,0,0.15,0.68,0.37,286.63
2020-01-10,318.18,318.34,316.15,316.64,53029300,0.0,0,-0.48,-0.29,0.69,285.8
2020-01-13,317.3,318.83,316.85,318.82,47086800,0.0,0,0.48,0.69,0.63,287.77
2020-01-14,318.35,319.47,317.74,318.33,62832800,0.0,0,-0.01,-0.15,0.54,287.33
2020-01-15,318.24,319.86,318.15,319.05,72056600,0.0,0,0.26,0.23,0.54,287.98
2020-01-16,320.52,321.71,320.28,321.71,54050300,0.0,0,0.37,0.83,0.45,290.37
2020-01-17,322.46,322.93,321.64,322.71,95846000,0.0,0,0.08,0.31,0.4,291.28
2020-01-21,321.69,322.93,321.61,322.08,77742400,0.0,0,0.12,-0.2,0.41,290.71
2020-01-22,322.99,323.68,321.95,322.11,48914900,0.0,0,-0.27,0.01,0.54,290.74
2020-01-23,321.42,322.92,320.24,322.48,51963000,0.0,0,0.33,0.11,0.84,291.07
2020-01-24,323.18,323.27,318.25,319.62,87578400,0.0,0,-1.1,-0.89,1.58,288.49
2020-01-27,314.04,316.07,313.68,314.49,84062500,0.0,0,0.15,-1.6,0.76,283.86
2020-01-28,316.01,318.72,314.59,317.79,63834000,0.0,0,0.56,1.05,1.31,286.84
2020-01-29,319.24,319.48,317.31,317.53,53888900,0.0,0,-0.54,-0.08,0.68,286.6
2020-01-30,315.33,318.78,314.53,318.56,75491800,0.0,0,1.02,0.32,1.35,287.53
2020-01-31,317.9,318.06,311.8,312.77,113845600,0.0,0,-1.61,-1.82,2.01,282.31
2020-02-03,314.35,317.08,314.22,315.1,69083000,0.0,0,0.24,0.74,0.91,284.41
2020-02-04,318.94,320.82,318.6,319.9,62573200,0.0,0,0.3,1.52,0.7,288.74
2020-02-05,323.02,323.82,321.46,323.59,65951100,0.0,0,0.18,1.15,0.73,292.07
2020-02-06,324.61,324.89,323.53,324.68,50359700,0.0,0,0.02,0.34,0.42,293.06
2020-02-07,323.55,324.69,322.37,322.95,64139400,0.0,0,-0.19,-0.53,0.72,291.5
2020-02-10,322.01,325.43,321.97,325.36,42070000,0.0,0,1.04,0.75,1.07,293.67
2020-02-11,326.8,327.64,325.36,325.93,54864500,0.0,0,-0.27,0.17,0.7,294.18
2020-02-12,327.45,328.25,327.06,328.03,43992700,0.0,0,0.18,0.64,0.36,296.08
2020-02-13,326.51,328.71,326.22,327.68,54501900,0.0,0,0.36,-0.11,0.76,295.76
2020-02-14,328.11,328.33,326.84,328.2,64582200,0.0,0,0.03,0.16,0.46,296.23
2020-02-18,327.14,328.27,325.88,327.35,57226200,0.0,0,0.07,-0.26,0.73,295.47
2020-02-19,328.39,329.64,328.08,328.92,48814700,0.0,0,0.16,0.48,0.47,296.88
2020-02-20,328.34,329.21,324.39,327.57,74163400,0.0,0,-0.23,-0.41,1.49,295.66
2020-02-21,326.13,326.46,323.32,324.2,113788200,0.0,0,-0.59,-1.03,0.97,292.62
2020-02-24,314.14,324.27,312.3,313.44,161088400,0.0,0,-0.22,-3.32,3.84,282.91
2020-02-25,314.92,315.57,303.01,303.95,218913200,0.0,0,-3.49,-3.03,4.15,274.34
2020-02-26,305.43,309.25,302.05,302.83,194773800,0.0,0,-0.85,-0.37,2.38,273.33
2020-02-27,296.96,302.89,289.23,289.23,284353500,0.0,0,-2.6,-4.49,4.72,261.06
2020-02-28,280.66,289.6,277.59,288.01,384975800,0.0,0,2.62,-0.42,4.33,259.96
2020-03-02,289.91,300.55,286.26,300.48,238703600,0.0,0,3.65,4.33,4.99,271.22
2020-03-03,300.88,305.1,289.29,291.88,300139100,0.0,0,-2.99,-2.86,5.47,263.45
2020-03-04,297.6,304.38,294.88,304.15,176613400,0.0,0,2.2,4.2,3.22,274.53
2020-03-05,296.49,299.88,291.66,294.04,186366800,0.0,0,-0.83,-3.32,2.82,265.4
2020-03-06,284.99,290.46,282.15,289.18,228667200,0.0,0,1.47,-1.65,2.95,261.01
2020-03-09,267.63,276.28,265.84,266.59,309417300,0.0,0,-0.39,-7.81,3.93,240.63
2020-03-10,276.71,280.49,265.89,280.39,276444100,0.0,0,1.33,5.17,5.49,253.08
2020-03-11,272.88,274.09,263.34,266.72,255316300,0.0,0,-2.26,-4.87,4.08,240.74
2020-03-12,248.87,259.24,240.78,241.2,392220700,0.0,0,-3.08,-9.57,7.66,217.71
2020-03-13,255.76,263.92,241.6,261.82,329566100,0.0,0,2.37,8.55,9.24,236.32
2020-03-16,234.46,249.75,230.75,233.17,297240000,0.0,0,-0.55,-10.94,8.23,210.46
2020-03-17,238.22,249.04,230.47,245.76,262070500,0.0,0,3.17,5.4,8.06,221.82
2020-03-18,229.67,241.45,221.67,233.32,327597100,0.0,0,1.59,-5.06,8.92,210.59
2020-03-19,232.59,240.49,225.75,233.81,289322000,0.0,0,0.53,0.21,6.53,211.04
2020-03-20,237.16,239.06,223.44,223.74,347158800,1.41,0,-5.66,-3.71,6.99,201.95
2020-03-23,223.14,224.6,213.43,218.02,326025200,0.0,0,-2.3,-2.56,5.23,196.78
2020-03-24,229.23,238.7,228.63,237.77,235494500,0.0,0,3.72,9.06,4.41,214.61
2020-03-25,239.45,250.68,234.45,241.33,299430300,0.0,0,0.78,1.5,6.92,217.82
2020-03-26,244.0,256.99,243.54,255.42,257632800,0.0,0,4.68,5.84,5.52,230.54
2020-03-27,247.67,255.04,245.5,247.81,224341200,0.0,0,0.06,-2.98,3.89,223.68
2020-03-30,250.04,256.62,247.92,255.86,171369500,0.0,0,2.33,3.25,3.51,230.94
2020-03-31,254.79,257.5,250.55,252.05,194881100,0.0,0,-1.08,-1.49,2.77,227.5
2020-04-01,242.49,251.96,238.5,240.7,189554600,0.0,0,-0.74,-4.5,5.64,217.26
2020-04-02,239.77,247.09,239.18,246.26,177660400,0.0,0,2.71,2.31,3.31,222.27
2020-04-03,245.21,247.72,239.79,242.7,135561200,0.0,0,-1.02,-1.45,3.3,219.06
2020-04-06,252.14,261.09,242.68,259.0,188061200,0.0,0,2.72,6.72,7.59,233.77
2020-04-07,268.14,268.94,259.03,259.26,201427200,0.0,0,-3.31,0.1,3.83,234.01
2020-04-08,262.03,269.89,259.38,267.97,153774500,0.0,0,2.27,3.36,4.05,241.87
2020-04-09,271.44,274.98,269.37,272.04,189999200,0.0,0,0.22,1.52,2.08,245.55
2020-04-13,271.01,271.37,265.4,269.56,114839100,0.0,0,-0.53,-0.91,2.25,243.31
2020-04-14,274.76,278.6,269.41,277.51,134143400,0.0,0,1.0,2.95,3.41,250.48
2020-04-15,271.43,277.66,269.37,271.61,121775000,0.0,0,0.07,-2.12,3.08,245.16
2020-04-16,272.97,273.83,269.66,272.92,131798300,0.0,0,-0.02,0.48,1.55,246.34
2020-04-17,279.07,280.94,276.15,280.3,146684800,0.0,0,0.44,2.7,1.74,253.0
2020-04-20,276.36,280.44,275.12,275.36,100109300,0.0,0,-0.36,-1.76,1.93,248.54
2020-04-21,270.61,271.89,266.0,267.0,126385700,0.0,0,-1.33,-3.04,2.21,240.99
2020-04-22,272.19,274.78,270.78,272.92,92951600,0.0,0,0.27,2.22,1.48,246.34
2020-04-23,274.28,277.66,272.58,272.91,104709700,0.0,0,-0.5,-0.01,1.86,246.32
2020-04-24,274.52,277.42,272.34,276.71,85063200,0.0,0,0.8,1.39,1.87,249.76
2020-04-27,278.81,281.89,278.32,280.7,77896600,0.0,0,0.68,1.44,1.28,253.36
2020-04-28,284.58,284.95,279.09,279.41,105270000,0.0,0,-1.82,-0.46,2.1,252.19
2020-04-29,285.08,288.36,283.98,286.72,118745600,0.0,0,0.58,2.62,1.54,258.8
2020-04-30,285.26,286.83,282.2,284.05,122901700,0.0,0,-0.42,-0.93,1.64,256.39
2020-05-01,279.0,284.23,275.29,276.53,125180000,0.0,0,-0.88,-2.65,3.25,249.6
2020-05-04,274.53,277.62,272.95,277.3,80873200,0.0,0,1.01,0.28,1.71,250.29
2020-05-05,280.3,282.85,277.43,279.86,79569900,0.0,0,-0.16,0.92,1.95,252.6
2020-05-06,281.67,282.08,277.5,277.96,73632600,0.0,0,-1.32,-0.68,1.65,250.89
2020-05-07,281.38,283.37,280.78,281.31,75250400,0.0,0,-0.02,1.21,0.92,253.91
2020-05-08,284.65,286.47,283.45,285.97,76452400,0.0,0,0.46,1.65,1.07,258.12
2020-05-11,283.92,287.5,283.47,286.03,79514200,0.0,0,0.74,0.02,1.42,258.17
2020-05-12,287.29,287.73,280.18,280.33,95870800,0.0,0,-2.42,-1.99,2.69,253.02
2020-05-13,279.73,280.84,272.79,275.37,144721100,0.0,0,-1.56,-1.77,2.95,248.55
2020-05-14,272.78,278.8,266.95,278.66,121977900,0.0,0,2.16,1.2,4.44,251.52
2020-05-15,276.12,279.99,275.12,279.95,111146300,0.0,0,1.38,0.46,1.77,252.68
2020-05-18,286.57,290.18,286.22,288.47,119703800,0.0,0,0.67,3.05,1.38,260.38
2020-05-19,287.84,289.66,285.49,285.51,95189300,0.0,0,-0.81,-1.03,1.46,257.7
2020-05-20,289.27,291.28,289.03,290.36,85861700,0.0,0,0.38,1.7,0.78,262.08
2020-05-21,290.22,291.08,287.19,288.36,78293900,0.0,0,-0.64,-0.69,1.36,260.27
2020-05-22,288.05,289.09,286.73,288.9,63958200,0.0,0,0.3,0.19,0.82,260.76
2020-05-26,295.25,295.5,288.92,292.46,88951400,0.0,0,-0.94,1.23,2.28,263.98
2020-05-27,295.44,296.85,290.3,296.81,104817400,0.0,0,0.47,1.49,2.26,267.9
2020-05-28,297.91,300.05,295.55,296.27,90405200,0.0,0,-0.55,-0.18,1.52,267.41
2020-05-29,295.77,298.21,292.84,297.59,119090800,0.0,0,0.61,0.45,1.83,268.6
2020-06-01,296.9,299.43,296.35,298.79,55758300,0.0,0,0.64,0.4,1.04,269.69
2020-06-02,299.77,301.31,298.35,301.26,74267200,0.0,0,0.5,0.83,0.99,271.92
2020-06-03,303.38,306.29,303.08,305.27,92567600,0.0,0,0.63,1.33,1.06,275.54
2020-06-04,304.23,306.07,302.24,304.47,75794400,0.0,0,0.08,-0.26,1.27,274.82
2020-06-05,310.21,314.16,310.14,312.27,150524700,0.0,0,0.67,2.56,1.3,281.86
2020-06-08,313.13,316.25,312.56,316.05,73641200,0.0,0,0.93,1.21,1.18,285.27
2020-06-09,313.21,316.13,312.29,313.69,77479200,0.0,0,0.15,-0.75,1.23,283.14
2020-06-10,314.31,315.26,311.18,311.94,95000800,0.0,0,-0.75,-0.56,1.31,281.56
2020-06-11,304.57,305.24,293.37,293.96,209243600,0.0,0,-3.48,-5.76,4.05,265.33
2020-06-12,301.42,302.24,291.99,297.48,194678900,0.0,0,-1.31,1.2,3.51,268.5
2020-06-15,291.43,301.46,290.17,300.26,135782700,0.0,0,3.03,0.93,3.89,271.01
2020-06-16,308.5,308.66,300.86,306.04,137627500,0.0,0,-0.8,1.92,2.59,276.23
2020-06-17,307.12,307.43,303.98,304.76,83398900,0.0,0,-0.77,-0.42,1.14,275.08
2020-06-18,303.15,305.39,302.66,304.88,80828700,0.0,0,0.57,0.04,0.9,275.19
2020-06-19,308.57,308.78,301.07,303.14,135549600,1.37,0,-1.76,-0.12,2.56,273.61
2020-06-22,302.5,305.51,301.28,305.08,74649400,0.0,0,0.85,0.64,1.4,275.37
2020-06-23,307.9,308.89,306.06,306.49,68471200,0.0,0,-0.46,0.46,0.93,276.64
2020-06-24,304.32,304.98,296.72,298.67,132813500,0.0,0,-1.86,-2.55,2.78,269.58
2020-06-25,298.06,302.16,295.91,301.87,89468000,0.0,0,1.28,1.07,2.11,272.47
2020-06-26,300.7,300.93,294.08,294.7,127961000,0.0,0,-2.0,-2.38,2.33,266.0
2020-06-29,296.04,299.18,293.6,299.03,79773300,0.0,0,1.01,1.47,1.9,269.91
2020-06-30,298.57,304.67,298.41,302.86,113394800,0.0,0,1.44,1.28,2.1,273.37
2020-07-01,304.05,306.33,303.56,304.99,72396500,0.0,0,0.31,0.7,0.91,275.28
2020-07-02,308.64,310.07,305.96,306.67,69344200,0.0,0,-0.64,0.55,1.35,276.8
2020-07-06,310.73,312.02,309.94,311.4,61713800,0.0,0,0.21,1.54,0.67,281.07
2020-07-07,309.76,311.86,307.78,308.19,82910000,0.0,0,-0.51,-1.03,1.32,278.17
2020-07-08,309.0,310.66,307.13,310.54,54638600,0.0,0,0.5,0.76,1.15,280.3
2020-07-09,311.19,311.45,305.14,308.78,83354200,0.0,0,-0.78,-0.57,2.07,278.7
2020-07-10,308.71,312.21,307.19,311.93,57550400,0.0,0,1.04,1.02,1.64,281.55
2020-07-13,314.42,316.96,308.53,309.23,102997500,0.0,0,-1.65,-0.87,2.73,279.11
2020-07-14,307.72,314.06,306.44,313.24,93657000,0.0,0,1.79,1.3,2.49,282.73
2020-07-15,316.66,317.28,313.58,316.11,87196500,0.0,0,-0.17,0.92,1.18,285.32
2020-07-16,314.09,315.55,313.4,315.07,54622500,0.0,0,0.31,-0.33,0.69,284.38
2020-07-17,316.14,316.82,314.04,315.99,62774900,0.0,0,-0.05,0.29,0.89,285.21
2020-07-20,315.7,319.34,314.91,318.54,56308800,0.0,0,0.9,0.81,1.41,287.51
2020-07-21,320.63,321.1,318.17,319.22,57292200,0.0,0,-0.44,0.21,0.92,288.13
2020-07-22,318.83,321.37,318.72,321.03,57792900,0.0,0,0.69,0.57,0.83,289.77
2020-07-23,320.65,321.4,315.75,317.2,75738000,0.0,0,-1.08,-1.19,1.79,286.31
2020-07-24,315.23,316.25,313.56,315.16,73766600,0.0,0,-0.02,-0.64,0.86,284.46
2020-07-27,315.9,317.65,315.05,317.46,48293000,0.0,0,0.49,0.73,0.82,286.54
2020-07-28,316.68,317.87,315.13,315.45,57495000,0.0,0,-0.39,-0.63,0.87,284.72
2020-07-29,316.38,319.92,316.34,319.33,48454200,0.0,0,0.93,1.23,1.13,288.22
2020-07-30,316.16,318.63,313.94,318.19,61861700,0.0,0,0.64,-0.36,1.49,287.19
2020-07-31,320.09,320.81,315.6,320.7,84986800,0.0,0,0.19,0.79,1.65,289.46
2020-08-03,322.47,323.75,321.89,322.93,53077900,0.0,0,0.14,0.7,0.58,291.48
2020-08-04,322.02,324.18,322.02,324.18,41917900,0.0,0,0.67,0.39,0.67,292.6
2020-08-05,325.56,326.47,325.28,326.19,42697700,0.0,0,0.19,0.62,0.37,294.42
2020-08-06,325.57,328.5,325.23,328.37,43679400,0.0,0,0.86,0.67,1.01,296.39
2020-08-07,327.34,328.91,326.38,328.61,57308300,0.0,0,0.39,0.07,0.78,296.6
2020-08-10,329.09,329.79,327.03,329.59,44282100,0.0,0,0.15,0.3,0.84,297.49
2020-08-11,330.85,331.52,326.09,326.87,69601100,0.0,0,-1.2,-0.83,1.67,295.03
2020-08-12,329.46,332.25,329.43,331.43,53774400,0.0,0,0.6,1.39,0.86,299.15
2020-08-13,330.61,332.22,329.84,330.83,41816100,0.0,0,0.07,-0.18,0.72,298.6
2020-08-14,330.41,331.41,329.64,330.84,47260400,0.0,0,0.13,0.0,0.54,298.61
2020-08-17,331.92,332.31,330.85,331.89,35481000,0.0,0,-0.01,0.32,0.44,299.56
2020-08-18,332.31,333.06,330.61,332.6,38733900,0.0,0,0.09,0.22,0.74,300.21
2020-08-19,333.01,333.56,330.62,331.22,68054200,0.0,0,-0.54,-0.42,0.89,298.96
2020-08-20,329.38,332.76,329.25,332.25,42207800,0.0,0,0.87,0.31,1.07,299.89
2020-08-21,331.9,333.67,331.53,333.43,55106600,0.0,0,0.46,0.35,0.64,300.95
2020-08-24,336.02,336.89,333.4,336.81,48588700,0.0,0,0.23,1.01,1.05,304.0
2020-08-25,337.41,338.08,336.17,337.99,38463400,0.0,0,0.17,0.35,0.57,305.07
2020-08-26,338.62,341.66,338.04,341.38,50790200,0.0,0,0.82,1.0,1.07,308.13
2020-08-27,342.3,343.66,340.35,342.12,58034100,0.0,0,-0.05,0.22,0.97,308.8
2020-08-28,343.21,344.47,341.95,344.33,48588900,0.0,0,0.33,0.65,0.74,310.79
2020-08-31,344.11,345.04,342.84,343.08,66099200,0.0,0,-0.3,-0.36,0.64,309.67
2020-09-01,343.97,346.42,343.02,346.32,54908700,0.0,0,0.68,0.94,0.99,312.58
2020-09-02,348.35,352.36,347.13,351.32,69540000,0.0,0,0.85,1.45,1.51,317.11
2020-09-03,349.53,350.03,336.48,339.23,148011100,0.0,0,-2.94,-3.44,4.03,306.19
2020-09-04,339.96,341.63,328.9,336.46,139156300,0.0,0,-1.03,-0.82,3.87,303.69
2020-09-08,330.71,336.53,326.95,327.27,114465300,0.0,0,-1.04,-2.73,2.93,295.4
2020-09-09,331.53,336.36,330.61,333.73,91462300,0.0,0,0.66,1.97,1.74,301.23
2020-09-10,335.73,336.43,326.92,327.94,90569500,0.0,0,-2.32,-1.74,2.91,296.0
2020-09-11,329.83,330.96,325.1,328.11,84680200,0.0,0,-0.52,0.05,1.8,296.15
2020-09-14,331.48,334.31,328.26,332.43,65605700,0.0,0,0.29,1.32,1.84,300.05
2020-09-15,335.04,335.92,332.44,334.11,52920900,0.0,0,-0.28,0.51,1.05,301.57
2020-09-16,335.42,336.95,332.49,332.78,82096000,0.0,0,-0.79,-0.4,1.34,300.37
2020-09-17,327.62,331.68,327.06,329.85,91523300,0.0,0,0.68,-0.88,1.41,297.73
2020-09-18,330.71,330.83,323.41,326.06,105877900,1.34,0,-1.41,-0.75,2.29,294.3
2020-09-21,321.18,322.59,317.26,322.43,99450800,0.0,0,0.39,-1.11,1.68,291.02
2020-09-22,324.01,326.3,321.33,325.71,63612100,0.0,0,0.53,1.02,1.55,293.99
2020-09-23,326.3,326.6,317.63,318.16,93112200,0.0,0,-2.5,-2.32,2.83,287.17
2020-09-24,316.76,322.26,315.36,319.01,76681300,0.0,0,0.71,0.27,2.19,287.94
2020-09-25,318.1,325.0,317.17,324.16,71069400,0.0,0,1.91,1.62,2.47,292.59
2020-09-28,328.59,330.31,327.54,329.55,64584600,0.0,0,0.29,1.66,0.85,297.45
2020-09-29,329.33,330.12,327.01,327.75,51304000,0.0,0,-0.48,-0.54,0.95,295.83
2020-09-30,328.46,333.59,328.26,330.24,104081100,0.0,0,0.54,0.76,1.63,298.07
2020-10-01,333.0,334.03,330.36,332.36,88698700,0.0,0,-0.19,0.64,1.11,299.99
2020-10-02,327.09,332.33,326.59,329.2,89431100,0.0,0,0.65,-0.95,1.76,297.14
2020-10-05,331.39,335.24,331.34,335.04,45713100,0.0,0,1.1,1.77,1.18,302.41
2020-10-06,335.19,337.42,329.74,330.28,90128900,0.0,0,-1.47,-1.42,2.33,298.11
2020-10-07,333.42,336.88,333.39,336.03,56999600,0.0,0,0.78,1.74,1.05,303.3
2020-10-08,338.09,339.07,337.11,339.0,45242500,0.0,0,0.27,0.89,0.58,305.99
2020-10-09,340.76,342.53,340.1,342.03,59528600,0.0,0,0.37,0.89,0.71,308.72
2020-10-12,344.73,349.1,344.21,347.53,80388500,0.0,0,0.81,1.61,1.42,313.68
2020-10-13,347.39,347.57,344.24,345.27,73255500,0.0,0,-0.61,-0.65,0.97,311.64
2020-10-14,345.88,347.04,342.32,343.1,57727900,0.0,0,-0.8,-0.63,1.38,309.68
2020-10-15,338.94,343.19,338.36,342.67,60357700,0.0,0,1.1,-0.12,1.43,309.3
2020-10-16,344.11,345.88,342.28,342.47,89501900,0.0,0,-0.48,-0.06,1.05,309.11
2020-10-19,343.81,344.48,336.3,337.26,68425600,0.0,0,-1.9,-1.52,2.43,304.41
2020-10-20,338.69,342.06,337.88,338.61,60051900,0.0,0,-0.02,0.4,1.24,305.63
2020-10-21,338.56,340.87,337.64,337.97,63575000,0.0,0,-0.17,-0.19,0.96,305.05
2020-10-22,338.2,340.44,335.92,339.82,55399300,0.0,0,0.48,0.55,1.35,306.72
2020-10-23,341.12,341.18,338.36,340.98,49143900,0.0,0,-0.04,0.34,0.83,307.77
2020-10-26,337.38,338.22,330.96,334.68,91473000,0.0,0,-0.8,-1.85,2.19,302.08
2020-10-27,335.04,335.4,333.3,333.52,65994100,0.0,0,-0.45,-0.34,0.63,301.04
2020-10-28,327.49,333.55,321.6,322.12,127094300,0.0,0,-1.64,-3.42,3.72,290.75
2020-10-29,322.37,328.77,320.57,325.4,90597700,0.0,0,0.94,1.02,2.56,293.7
2020-10-30,323.72,325.11,318.12,322.0,120287300,0.0,0,-0.53,-1.04,2.2,290.64
2020-11-02,325.61,327.74,322.69,325.61,86068300,0.0,0,0.0,1.12,1.56,293.9
2020-11-03,329.05,333.55,325.7,331.36,93294200,0.0,0,0.7,1.77,2.41,299.09
2020-11-04,336.13,343.11,334.87,338.77,126959700,0.0,0,0.79,2.23,2.46,305.77
2020-11-05,344.39,347.3,344.01,345.37,82039700,0.0,0,0.29,1.95,0.95,311.74
2020-11-06,345.07,346.63,342.82,345.3,74973000,0.0,0,0.07,-0.02,1.11,311.66
2020-11-09,358.91,359.32,349.14,349.63,172304200,0.0,0,-2.59,1.26,2.91,315.58
2020-11-10,348.58,350.25,345.64,349.12,85552000,0.0,0,0.16,-0.15,1.33,315.12
2020-11-11,351.45,352.59,350.13,351.72,58649000,0.0,0,0.08,0.74,0.7,317.46
2020-11-12,350.64,351.76,346.38,348.3,67546200,0.0,0,-0.67,-0.97,1.55,314.38
2020-11-13,350.33,353.91,349.78,353.13,62892200,0.0,0,0.8,1.38,1.18,318.73
2020-11-16,355.97,357.74,354.59,357.53,74541100,0.0,0,0.44,1.25,0.89,322.71
2020-11-17,354.97,356.89,353.36,355.61,66111000,0.0,0,0.18,-0.54,1.0,320.97
2020-11-18,355.9,356.48,351.29,351.33,70591300,0.0,0,-1.28,-1.2,1.48,317.11
2020-11-19,350.66,353.2,349.23,352.81,59940900,0.0,0,0.61,0.42,1.14,318.45
2020-11-20,352.53,352.75,350.32,350.39,70417300,0.0,0,-0.61,-0.68,0.7,316.27
2020-11-23,352.32,353.84,349.94,352.49,63230600,0.0,0,0.05,0.6,1.11,318.16
2020-11-24,355.21,358.76,354.3,358.17,62415900,0.0,0,0.84,1.61,1.26,323.29
2020-11-25,358.09,358.12,356.46,357.62,45330900,0.0,0,-0.13,-0.15,0.46,322.79
2020-11-27,358.79,359.12,357.54,358.62,28514100,0.0,0,-0.05,0.28,0.44,323.69
2020-11-30,357.79,358.08,354.18,357.03,83872700,0.0,0,-0.21,-0.44,1.1,322.26
2020-12-01,360.49,362.57,359.86,360.94,74231400,0.0,0,0.12,1.09,0.75,325.78
2020-12-02,359.75,361.86,359.14,361.69,45927000,0.0,0,0.54,0.21,0.76,326.47
2020-12-03,361.59,363.08,360.42,361.6,62882000,0.0,0,0.0,-0.03,0.74,326.38
2020-12-04,362.22,364.71,362.12,364.71,50749900,0.0,0,0.69,0.86,0.72,329.19
2020-12-07,363.89,364.49,362.61,363.96,48944300,0.0,0,0.02,-0.21,0.52,328.51
2020-12-08,362.61,365.63,362.56,365.03,42458900,0.0,0,0.67,0.29,0.85,329.47
2020-12-09,365.73,365.9,360.87,361.75,74098300,0.0,0,-1.09,-0.9,1.39,326.52
2020-12-10,360.29,362.75,359.37,361.64,57735400,0.0,0,0.37,-0.03,0.94,326.41
2020-12-11,359.83,361.65,358.21,361.21,57698600,0.0,0,0.38,-0.12,0.96,326.03
2020-12-14,363.52,364.66,359.41,359.59,69216200,0.0,0,-1.08,-0.45,1.46,324.57
2020-12-15,362.3,364.46,360.84,364.46,63865300,0.0,0,0.6,1.35,1.0,328.96
2020-12-16,364.68,366.0,363.75,365.03,58420500,0.0,0,0.09,0.16,0.62,329.47
2020-12-17,366.77,367.29,365.9,367.07,64119500,0.0,0,0.08,0.56,0.38,331.32
2020-12-18,367.38,367.55,363.46,365.6,136542300,1.58,0,-0.48,0.03,1.13,329.99
2020-12-21,361.43,374.79,358.52,364.3,96386700,0.0,0,0.79,-0.36,4.54,328.81
2020-12-22,364.64,364.76,362.48,363.68,47949000,0.0,0,-0.26,-0.17,0.63,328.26
2020-12-23,364.71,366.04,363.66,364.01,46201400,0.0,0,-0.19,0.09,0.65,328.55
2020-12-24,364.51,365.46,363.89,365.43,26457900,0.0,0,0.25,0.39,0.43,329.83
2020-12-28,368.14,368.98,367.48,368.56,39000400,0.0,0,0.12,0.86,0.41,332.67
2020-12-29,370.19,370.38,367.24,367.86,53680500,0.0,0,-0.63,-0.19,0.85,332.03
2020-12-30,368.73,369.49,367.97,368.39,49455300,0.0,0,-0.09,0.14,0.41,332.51
2020-12-31,368.18,371.03,367.63,370.26,78520700,0.0,0,0.56,0.51,0.92,334.19
2021-01-04,371.67,371.81,361.29,365.22,110210800,0.0,0,-1.74,-1.36,2.91,329.65
2021-01-05,364.53,368.89,364.48,367.73,66426200,0.0,0,0.88,0.69,1.21,331.92
2021-01-06,366.13,373.33,365.54,369.93,107997700,0.0,0,1.04,0.6,2.13,333.9
2021-01-07,372.46,376.22,372.27,375.43,68766800,0.0,0,0.8,1.49,1.06,338.86
2021-01-08,376.9,377.79,373.45,377.57,71677200,0.0,0,0.18,0.57,1.16,340.79
2021-01-11,374.19,376.89,374.06,375.02,51034700,0.0,0,0.22,-0.67,0.76,338.49
2021-01-12,375.22,376.18,372.71,375.1,52547700,0.0,0,-0.03,0.02,0.93,338.57
2021-01-13,375.02,377.17,374.19,376.11,45303600,0.0,0,0.29,0.27,0.8,339.48
2021-01-14,376.9,377.44,374.44,374.79,49989100,0.0,0,-0.56,-0.35,0.8,338.29
2021-01-15,373.07,373.92,370.08,372.06,107160000,0.0,0,-0.27,-0.73,1.04,335.82
2021-01-19,374.67,375.56,373.1,374.98,51233300,0.0,0,0.08,0.79,0.66,338.46
2021-01-20,377.42,381.06,377.0,380.17,61836100,0.0,0,0.73,1.38,1.08,343.14
2021-01-21,380.77,381.22,379.54,380.52,47840100,0.0,0,-0.07,0.09,0.44,343.46
2021-01-22,378.55,380.41,378.14,379.17,52860500,0.0,0,0.16,-0.35,0.6,342.24
2021-01-25,379.95,381.04,374.79,380.67,70402000,0.0,0,0.19,0.39,1.67,343.59
2021-01-26,381.68,382.11,379.82,380.07,42665300,0.0,0,-0.42,-0.16,0.6,343.05
2021-01-27,376.54,376.64,368.41,370.78,123351100,0.0,0,-1.53,-2.44,2.23,334.67
2021-01-28,372.71,378.23,372.25,373.97,94198100,0.0,0,0.34,0.86,1.61,337.55
2021-01-29,371.99,373.02,364.7,366.48,126765100,0.0,0,-1.48,-2.0,2.28,330.79
2021-02-01,370.1,373.68,366.79,372.59,75817600,0.0,0,0.67,1.66,1.88,336.3
2021-02-02,375.97,379.51,372.67,377.85,64450700,0.0,0,0.5,1.41,1.83,341.05
2021-02-03,378.74,379.98,376.79,378.15,52427100,0.0,0,-0.15,0.08,0.85,341.32
2021-02-04,379.25,382.5,378.27,382.45,47142600,0.0,0,0.84,1.14,1.12,345.2
2021-02-05,384.44,384.71,382.4,383.95,48669800,0.0,0,-0.13,0.39,0.6,346.56
2021-02-08,385.5,386.78,384.59,386.73,38365200,0.0,0,0.32,0.72,0.57,349.06
2021-02-09,385.84,387.1,385.4,386.47,35551100,0.0,0,0.16,-0.07,0.44,348.83
2021-02-10,388.32,388.48,383.75,386.3,59154400,0.0,0,-0.52,-0.04,1.23,348.68
2021-02-11,387.45,387.9,384.34,386.93,42913300,0.0,0,-0.14,0.16,0.93,349.24
2021-02-12,386.07,389.09,385.99,388.84,50593300,0.0,0,0.72,0.49,0.8,350.96
2021-02-16,390.14,390.35,387.74,388.5,50972400,0.0,0,-0.42,-0.09,0.67,350.66
2021-02-17,386.64,388.86,385.56,388.59,52290600,0.0,0,0.5,0.02,0.86,350.74
2021-02-18,385.82,387.73,383.98,386.93,59712800,0.0,0,0.29,-0.43,0.97,349.25
2021-02-19,388.27,388.58,385.78,386.25,83241000,0.0,0,-0.52,-0.18,0.73,348.63
2021-02-22,383.31,385.85,382.99,383.28,67414200,0.0,0,-0.01,-0.77,0.74,345.95
2021-02-23,380.93,385.18,376.52,383.75,107284100,0.0,0,0.74,0.12,2.3,346.37
2021-02-24,382.59,388.43,381.54,387.97,72433900,0.0,0,1.41,1.1,1.81,350.19
2021-02-25,386.63,388.08,377.09,378.63,146670500,0.0,0,-2.07,-2.41,2.92,341.75
2021-02-26,380.63,381.84,374.57,376.68,152701600,0.0,0,-1.04,-0.52,1.94,339.99
2021-03-01,381.85,387.13,376.88,385.81,105348800,0.0,0,1.03,2.42,2.72,348.23
2021-03-02,386.04,386.29,382.26,382.8,79595300,0.0,0,-0.84,-0.78,1.05,345.51
2021-03-03,382.05,383.08,377.62,377.73,119940200,0.0,0,-1.13,-1.32,1.45,340.93
2021-03-04,377.53,380.28,368.28,373.05,183433000,0.0,0,-1.19,-1.24,3.26,336.72
2021-03-05,376.77,381.03,369.03,379.91,152039600,0.0,0,0.83,1.84,3.25,342.91
2021-03-08,380.93,383.92,377.73,378.02,123149200,0.0,0,-0.76,-0.5,1.64,341.2
2021-03-09,382.11,386.13,381.58,383.42,113633600,0.0,0,0.34,1.43,1.19,346.07
2021-03-10,385.91,387.61,384.41,385.81,109899400,0.0,0,-0.03,0.62,0.83,348.23
2021-03-11,388.43,391.82,387.95,389.72,86245000,0.0,0,0.33,1.01,1.0,351.76
2021-03-12,388.27,390.39,387.41,390.24,64653600,0.0,0,0.51,0.13,0.77,352.23
2021-03-15,390.51,392.85,388.23,392.57,73427200,0.0,0,0.53,0.6,1.19,354.33
2021-03-16,393.22,393.98,391.25,392.07,73722500,0.0,0,-0.29,-0.13,0.7,353.89
2021-03-17,390.71,394.26,389.49,393.41,97959300,0.0,0,0.69,0.34,1.23,355.09
2021-03-18,390.66,392.88,386.96,387.69,115349100,0.0,0,-0.76,-1.45,1.53,349.93
2021-03-19,387.37,389.05,384.66,386.97,113624500,1.28,0,-0.1,0.14,1.14,349.28
2021-03-22,387.52,391.53,387.46,390.06,73778600,0.0,0,0.66,0.8,1.05,352.07
2021-03-23,389.38,390.92,386.16,386.99,90686600,0.0,0,-0.61,-0.79,1.24,349.3
2021-03-24,388.48,390.22,384.97,385.02,97588600,0.0,0,-0.89,-0.51,1.36,347.52
2021-03-25,383.49,388.03,381.43,387.19,116128600,0.0,0,0.96,0.56,1.73,349.48
2021-03-26,388.41,393.86,387.78,393.43,114409100,0.0,0,1.29,1.61,1.57,355.11
2021-03-29,391.86,394.19,390.28,393.23,108107600,0.0,0,0.35,-0.05,1.0,354.93
2021-03-30,391.88,392.9,390.49,392.19,76262200,0.0,0,0.08,-0.27,0.62,353.99
2021-03-31,392.79,395.44,392.76,393.78,112734200,0.0,0,0.25,0.41,0.68,355.42
2021-04-01,395.83,398.09,395.61,398.03,99682900,0.0,0,0.55,1.08,0.63,359.26
2021-04-05,400.86,404.32,400.78,403.74,91684800,0.0,0,0.72,1.44,0.88,364.42
2021-04-06,403.15,404.62,402.79,403.5,62021000,0.0,0,0.09,-0.06,0.45,364.2
2021-04-07,403.32,404.34,402.84,403.97,55836300,0.0,0,0.16,0.12,0.37,364.62
2021-04-08,405.3,405.95,404.31,405.89,57863100,0.0,0,0.14,0.47,0.41,366.35
2021-04-09,405.76,409.02,405.63,408.84,61104600,0.0,0,0.76,0.73,0.84,369.02
2021-04-12,408.2,409.28,407.56,408.99,56704900,0.0,0,0.19,0.04,0.42,369.15
2021-04-13,408.88,410.87,408.47,410.2,56551000,0.0,0,0.32,0.3,0.59,370.25
2021-04-14,410.17,411.29,408.22,408.8,61659900,0.0,0,-0.33,-0.34,0.75,368.98
2021-04-15,411.07,413.48,411.02,413.19,60229800,0.0,0,0.51,1.07,0.6,372.95
2021-04-16,414.56,415.22,413.05,414.57,82037300,0.0,0,0.0,0.33,0.52,374.19
2021-04-19,413.58,414.05,411.12,412.53,78498500,0.0,0,-0.25,-0.49,0.71,372.35
2021-04-20,411.24,412.42,407.94,409.51,81851800,0.0,0,-0.42,-0.73,1.1,369.63
2021-04-21,408.86,413.61,408.71,413.39,66793000,0.0,0,1.11,0.95,1.2,373.12
2021-04-22,413.21,414.09,408.48,409.61,97582800,0.0,0,-0.87,-0.91,1.37,369.72
2021-04-23,410.21,415.55,410.13,414.05,73209200,0.0,0,0.94,1.08,1.32,373.73
2021-04-26,414.75,415.53,414.12,414.92,52182400,0.0,0,0.04,0.21,0.34,374.51
2021-04-27,415.24,415.45,413.62,414.83,51303100,0.0,0,-0.1,-0.02,0.44,374.43
2021-04-28,415.12,416.31,414.21,414.71,51238900,0.0,0,-0.1,-0.03,0.51,374.32
2021-04-29,417.61,418.01,413.76,417.35,78544300,0.0,0,-0.06,0.64,1.03,376.7
2021-04-30,414.94,415.84,413.66,414.61,85527000,0.0,0,-0.08,-0.66,0.53,374.23
2021-05-03,416.73,417.13,414.98,415.51,68128300,0.0,0,-0.29,0.22,0.52,375.03
2021-05-04,413.39,413.92,409.02,412.94,101591200,0.0,0,-0.11,-0.62,1.2,372.72
2021-05-05,414.69,414.94,412.47,413.07,60162200,0.0,0,-0.39,0.03,0.6,372.84
2021-05-06,413.15,416.51,411.01,416.37,74321400,0.0,0,0.78,0.8,1.34,375.82
2021-05-07,417.18,420.1,416.46,419.4,67733800,0.0,0,0.53,0.73,0.87,378.55
2021-05-10,419.78,420.02,415.12,415.25,81852400,0.0,0,-1.08,-0.99,1.18,374.8
2021-05-11,410.44,412.59,407.42,411.54,116888000,0.0,0,0.27,-0.89,1.27,371.46
2021-05-12,408.58,409.93,401.4,402.8,134811000,0.0,0,-1.42,-2.12,2.13,363.57
2021-05-13,404.45,409.69,404.4,407.64,106394000,0.0,0,0.79,1.2,1.31,367.93
2021-05-14,410.55,414.8,410.52,413.9,82201600,0.0,0,0.82,1.54,1.04,373.58
2021-05-17,412.71,413.71,410.7,412.84,65129200,0.0,0,0.03,-0.25,0.73,372.63
2021-05-18,413.12,413.38,409.12,409.29,59810200,0.0,0,-0.93,-0.86,1.04,369.42
2021-05-19,404.3,408.4,402.72,408.21,106467100,0.0,0,0.97,-0.26,1.41,368.45
2021-05-20,409.15,413.95,409.02,412.6,78022200,0.0,0,0.85,1.08,1.2,372.42
2021-05-21,414.18,415.51,411.78,412.27,76578700,0.0,0,-0.46,-0.08,0.9,372.11
2021-05-24,414.65,417.61,414.39,416.47,51376700,0.0,0,0.44,1.02,0.78,375.9
2021-05-25,417.62,418.0,414.93,415.54,57451400,0.0,0,-0.5,-0.22,0.74,375.07
2021-05-26,416.17,416.91,415.07,416.37,43088600,0.0,0,0.05,0.2,0.44,375.82
2021-05-27,417.46,418.01,416.29,416.59,56707700,0.0,0,-0.21,0.05,0.41,376.01
2021-05-28,418.26,418.54,417.08,417.33,58520200,0.0,0,-0.22,0.18,0.35,376.69
2021-06-01,419.85,420.0,416.5,416.97,54216600,0.0,0,-0.69,-0.09,0.84,376.35
2021-06-02,417.66,418.52,416.59,417.62,49097100,0.0,0,-0.01,0.16,0.46,376.95
2021-06-03,415.16,417.28,413.6,416.07,58138800,0.0,0,0.22,-0.37,0.89,375.55
2021-06-04,418.04,420.19,416.14,419.88,55938800,0.0,0,0.44,0.91,0.97,378.98
2021-06-07,419.87,420.06,418.48,419.47,51555000,0.0,0,-0.09,-0.1,0.38,378.61
2021-06-08,420.38,420.48,417.61,419.56,47134300,0.0,0,-0.2,0.02,0.69,378.69
2021-06-09,420.45,420.53,418.69,418.93,48436300,0.0,0,-0.36,-0.15,0.44,378.13
2021-06-10,420.23,421.89,418.83,420.88,51020100,0.0,0,0.15,0.46,0.73,379.89
2021-06-11,421.47,421.69,420.1,421.58,45570800,0.0,0,0.03,0.17,0.38,380.51
2021-06-14,421.69,422.63,420.37,422.52,42358500,0.0,0,0.2,0.22,0.54,381.37
2021-06-15,422.68,422.72,420.81,421.74,51508500,0.0,0,-0.22,-0.18,0.45,380.67
2021-06-16,421.89,422.13,417.21,419.39,80386100,0.0,0,-0.59,-0.56,1.18,378.54
2021-06-17,418.95,420.29,416.62,419.25,90949700,0.0,0,0.07,-0.03,0.88,378.42
2021-06-18,415.76,416.5,413.38,413.6,118676300,1.38,0,-0.52,-1.02,0.75,373.31
2021-06-21,415.47,419.72,414.6,419.52,72822000,0.0,0,0.97,1.43,1.23,378.66
2021-06-22,419.51,422.65,418.74,421.76,57700300,0.0,0,0.54,0.53,0.93,380.68
2021-06-23,421.84,422.7,421.16,421.25,49445400,0.0,0,-0.14,-0.12,0.36,380.22
2021-06-24,423.53,424.19,423.26,423.74,45110300,0.0,0,0.05,0.59,0.22,382.47
2021-06-25,424.54,425.73,424.19,425.25,58129500,0.0,0,0.17,0.36,0.36,383.83
2021-06-28,425.81,426.28,424.53,426.1,53159600,0.0,0,0.07,0.2,0.41,384.6
2021-06-29,426.51,427.19,425.77,426.33,35970500,0.0,0,-0.04,0.05,0.33,384.81
2021-06-30,425.85,427.41,425.82,426.69,64827900,0.0,0,0.2,0.08,0.37,385.13
2021-07-01,427.5,429.22,427.43,429.06,53441000,0.0,0,0.36,0.55,0.42,387.27
2021-07-02,430.29,432.71,429.15,432.33,57697700,0.0,0,0.47,0.76,0.83,390.23
2021-07-06,432.39,432.62,428.64,431.55,68710400,0.0,0,-0.2,-0.18,0.93,389.51
2021-07-07,432.28,433.37,430.13,433.07,63549500,0.0,0,0.18,0.35,0.75,390.89
2021-07-08,427.41,430.35,426.15,429.54,97595200,0.0,0,0.5,-0.81,0.98,387.71
2021-07-09,431.15,434.45,429.33,434.13,76238600,0.0,0,0.69,1.07,1.19,391.84
2021-07-12,434.04,435.95,433.58,435.68,52889600,0.0,0,0.38,0.36,0.55,393.25
2021-07-13,434.85,436.44,433.92,434.2,52911300,0.0,0,-0.15,-0.34,0.58,391.91
2021-07-14,436.0,436.52,433.52,434.85,64130400,0.0,0,-0.27,0.15,0.69,392.49
2021-07-15,433.42,434.14,431.34,433.36,55126400,0.0,0,-0.01,-0.34,0.65,391.15
2021-07-16,434.62,434.67,429.54,429.96,75874700,0.0,0,-1.07,-0.78,1.19,388.08
2021-07-19,424.83,430.03,420.62,423.61,147987000,0.0,0,-0.29,-1.48,2.24,382.35
2021-07-20,424.32,431.04,423.47,429.68,99608200,0.0,0,1.26,1.43,1.79,387.83
2021-07-21,430.96,433.31,429.63,433.16,64724400,0.0,0,0.51,0.81,0.86,390.97
2021-07-22,433.35,434.33,432.31,434.07,47878500,0.0,0,0.17,0.21,0.47,391.79
2021-07-23,436.12,438.89,435.4,438.54,63766600,0.0,0,0.55,1.03,0.8,395.82
2021-07-26,437.91,439.62,437.86,439.61,43719200,0.0,0,0.39,0.25,0.4,396.79
2021-07-27,438.51,438.54,434.6,437.61,67397100,0.0,0,-0.2,-0.46,0.91,394.99
2021-07-28,438.28,438.89,435.91,437.43,52472400,0.0,0,-0.19,-0.04,0.68,394.82
2021-07-29,438.42,440.39,438.41,439.24,47435300,0.0,0,0.19,0.41,0.45,396.46
2021-07-30,436.51,438.65,436.37,437.11,68890600,0.0,0,0.14,-0.49,0.52,394.54
2021-08-02,438.93,439.52,435.81,436.19,58783300,0.0,0,-0.62,-0.21,0.85,393.71
2021-08-03,437.04,439.87,434.71,439.74,58053900,0.0,0,0.62,0.81,1.19,396.91
2021-08-04,438.38,439.71,437.33,437.58,46732200,0.0,0,-0.18,-0.49,0.54,394.96
2021-08-05,438.81,440.44,438.48,440.35,38969700,0.0,0,0.35,0.63,0.45,397.46
2021-08-06,440.69,441.53,440.39,441.08,46864100,0.0,0,0.09,0.17,0.26,398.12
2021-08-09,441.05,441.39,439.9,440.72,41222600,0.0,0,-0.07,-0.08,0.34,397.79
2021-08-10,441.2,442.02,440.47,441.27,43339300,0.0,0,0.02,0.12,0.35,398.29
2021-08-11,442.4,442.46,441.21,442.36,44034300,0.0,0,-0.01,0.25,0.28,399.28
2021-08-12,442.2,443.84,441.25,443.69,38909400,0.0,0,0.34,0.3,0.59,400.47
2021-08-13,444.17,444.52,443.65,444.5,39388300,0.0,0,0.07,0.18,0.2,401.2
2021-08-16,443.11,445.68,441.46,445.54,73740000,0.0,0,0.55,0.24,0.96,402.15
2021-08-17,442.82,443.54,439.44,442.62,92673900,0.0,0,-0.05,-0.66,0.93,399.51
2021-08-18,441.55,443.21,437.52,437.78,89351900,0.0,0,-0.85,-1.09,1.3,395.14
2021-08-19,434.88,439.73,434.73,438.46,92812200,0.0,0,0.82,0.15,1.15,395.75
2021-08-20,438.82,442.29,438.31,441.94,71975900,0.0,0,0.71,0.8,0.91,398.9
2021-08-23,443.74,446.8,442.02,445.83,54973000,0.0,0,0.47,0.88,1.08,402.41
2021-08-24,446.54,447.11,445.99,446.54,38744700,0.0,0,0.0,0.16,0.25,403.05
2021-08-25,446.74,448.02,446.34,447.48,40529700,0.0,0,0.17,0.21,0.38,403.89
2021-08-26,447.18,447.43,444.74,444.83,57829600,0.0,0,-0.52,-0.59,0.61,401.51
2021-08-27,445.69,449.21,445.63,448.81,77201900,0.0,0,0.7,0.89,0.8,405.1
2021-08-30,449.53,451.62,449.27,450.79,48357400,0.0,0,0.28,0.44,0.52,406.88
2021-08-31,450.69,451.05,449.48,450.12,59300200,0.0,0,-0.13,-0.15,0.35,406.28
2021-09-01,451.11,451.66,450.11,450.36,48721400,0.0,0,-0.17,0.05,0.35,406.49
2021-09-02,451.87,452.6,450.47,451.74,42501000,0.0,0,-0.03,0.31,0.47,407.74
2021-09-03,450.54,452.18,450.11,451.63,47170500,0.0,0,0.24,-0.02,0.46,407.64
2021-09-07,451.26,451.36,449.3,450.02,51671500,0.0,0,-0.28,-0.36,0.46,406.19
2021-09-08,449.45,450.23,447.43,449.47,56181900,0.0,0,0.0,-0.12,0.63,405.69
2021-09-09,449.26,451.12,447.29,447.55,57970400,0.0,0,-0.38,-0.43,0.86,403.96
2021-09-10,449.6,450.05,443.89,444.02,89848000,0.0,0,-1.24,-0.79,1.39,400.77
2021-09-13,447.21,447.49,442.69,445.15,83738600,0.0,0,-0.46,0.26,1.08,401.8
2021-09-14,446.69,446.91,441.8,442.75,78197100,0.0,0,-0.88,-0.54,1.16,399.63
2021-09-15,443.2,446.98,442.02,446.45,78792200,0.0,0,0.73,0.84,1.12,402.97
2021-09-16,445.89,446.93,442.6,445.74,77786700,0.0,0,-0.03,-0.16,0.98,402.33
2021-09-17,444.92,445.37,441.02,441.4,118425000,1.43,0,-0.79,-0.65,0.99,398.41
2021-09-20,434.88,436.56,428.86,434.04,166445500,0.0,0,-0.19,-1.67,1.8,391.76
2021-09-21,436.53,437.91,433.07,433.63,92526100,0.0,0,-0.66,-0.09,1.12,391.39
2021-09-22,436.05,440.03,433.75,437.86,102350100,0.0,0,0.42,0.98,1.45,395.21
2021-09-23,439.85,444.89,439.6,443.18,76396000,0.0,0,0.76,1.22,1.2,400.01
2021-09-24,441.44,444.67,441.21,443.91,62094800,0.0,0,0.56,0.16,0.78,400.67
2021-09-27,442.81,444.05,441.9,442.64,61371100,0.0,0,-0.04,-0.29,0.49,399.53
2021-09-28,439.69,440.04,432.94,433.72,130436300,0.0,0,-1.36,-2.02,1.64,391.48
2021-09-29,435.19,437.04,433.85,434.45,82329200,0.0,0,-0.17,0.17,0.74,392.13
2021-09-30,436.02,436.77,428.78,429.14,140181200,0.0,0,-1.58,-1.22,1.86,387.34
2021-10-01,430.98,436.03,427.23,434.24,129240100,0.0,0,0.76,1.19,2.06,391.95
2021-10-04,433.0,433.96,426.36,428.64,128570000,0.0,0,-1.01,-1.29,1.78,386.89
2021-10-05,430.24,435.49,429.39,433.1,90682500,0.0,0,0.66,1.04,1.42,390.92
2021-10-06,429.27,435.12,427.54,434.9,113032200,0.0,0,1.31,0.42,1.77,392.54
2021-10-07,438.39,441.68,438.2,438.66,72437500,0.0,0,0.06,0.86,0.79,395.93
2021-10-08,439.48,439.89,437.19,437.86,74492900,0.0,0,-0.37,-0.18,0.62,395.21
2021-10-11,437.16,440.26,434.62,434.69,65233300,0.0,0,-0.57,-0.72,1.3,392.35
2021-10-12,435.67,436.1,432.78,433.62,71181200,0.0,0,-0.47,-0.25,0.77,391.39
2021-10-13,434.71,436.05,431.54,435.18,72974000,0.0,0,0.11,0.36,1.05,392.79
2021-10-14,439.08,442.66,438.58,442.5,70236800,0.0,0,0.78,1.68,0.93,399.4
2021-10-15,444.75,446.26,444.09,445.87,66226800,0.0,0,0.25,0.76,0.49,402.44
2021-10-18,443.97,447.55,443.27,447.19,62213200,0.0,0,0.73,0.3,0.97,403.63
2021-10-19,448.92,450.71,448.27,450.64,46996800,0.0,0,0.38,0.77,0.54,406.75
2021-10-20,451.13,452.73,451.01,452.41,49571600,0.0,0,0.28,0.39,0.38,408.35
2021-10-21,451.77,453.83,451.31,453.59,41305400,0.0,0,0.4,0.26,0.56,409.41
2021-10-22,453.13,454.67,451.05,453.12,58845100,0.0,0,-0.0,-0.1,0.8,408.99
2021-10-25,454.28,455.9,452.39,455.55,45214500,0.0,0,0.28,0.54,0.78,411.18
2021-10-26,457.2,458.49,455.56,455.96,56075100,0.0,0,-0.27,0.09,0.64,411.55
2021-10-27,456.45,457.16,453.86,453.94,72438000,0.0,0,-0.55,-0.44,0.73,409.73
2021-10-28,455.46,458.4,455.45,458.32,51437900,0.0,0,0.63,0.96,0.65,413.68
2021-10-29,455.87,459.56,455.56,459.25,70108200,0.0,0,0.74,0.2,0.88,414.52
2021-11-01,460.3,460.7,458.2,460.04,48433600,0.0,0,-0.06,0.17,0.55,415.23
2021-11-02,460.22,462.23,460.08,461.9,48908400,0.0,0,0.37,0.4,0.47,416.91
2021-11-03,461.3,465.15,460.83,464.72,52509800,0.0,0,0.74,0.61,0.94,419.46
2021-11-04,465.36,467.0,464.99,466.91,52847100,0.0,0,0.33,0.47,0.43,421.43
2021-11-05,469.28,470.65,466.92,468.53,66332200,0.0,0,-0.16,0.35,0.8,422.9
2021-11-08,469.7,470.23,468.2,468.93,50405200,0.0,0,-0.16,0.09,0.43,423.26
2021-11-09,469.32,469.57,465.88,467.38,51149100,0.0,0,-0.41,-0.33,0.79,421.86
2021-11-10,465.58,467.38,462.04,463.62,69429700,0.0,0,-0.42,-0.8,1.16,418.46
2021-11-11,465.21,465.29,463.75,463.77,34848500,0.0,0,-0.31,0.03,0.33,418.6
2021-11-12,465.12,467.86,464.11,467.27,53423300,0.0,0,0.46,0.75,0.81,421.76
2021-11-15,468.64,468.81,466.23,467.43,46980500,0.0,0,-0.26,0.03,0.55,421.9
2021-11-16,467.15,470.49,467.07,469.28,48857500,0.0,0,0.46,0.4,0.73,423.57
2021-11-17,469.0,469.19,467.48,468.14,47858300,0.0,0,-0.18,-0.24,0.37,422.54
2021-11-18,469.24,470.01,466.34,469.73,50625600,0.0,0,0.1,0.34,0.79,423.98
2021-11-19,469.61,470.94,468.5,468.89,57288900,0.0,0,-0.15,-0.18,0.52,423.22
2021-11-22,470.89,473.53,467.35,467.57,72408816,0.0,0,-0.71,-0.28,1.32,422.03
